{"textures":{"0":"modelengine:entity/guardcyan","particle":"#0"},"elements":[{"from":[4.5,7.0,5.5],"to":[9.5,10.0,10.5],"faces":{"east":{"uv":[10.0,7.25,11.25,8.0],"tintindex":0,"rotation":0,"texture":"#0"},"south":{"uv":[7.5,10.0,8.75,10.75],"tintindex":0,"rotation":0,"texture":"#0"},"north":{"uv":[10.0,6.5,11.25,7.25],"tintindex":0,"rotation":0,"texture":"#0"},"west":{"uv":[10.5,0.0,11.75,0.75],"tintindex":0,"rotation":0,"texture":"#0"},"up":{"uv":[5.25,9.0,4.0,7.75],"tintindex":0,"rotation":0,"texture":"#0"},"down":{"uv":[9.0,6.0,7.75,7.25],"tintindex":0,"rotation":0,"texture":"#0"}}},{"from":[5.0,4.0,6.0],"to":[8.0,7.0,10.0],"faces":{"east":{"uv":[2.0,10.0,3.0,10.75],"tintindex":0,"rotation":0,"texture":"#0"},"south":{"uv":[10.75,3.5,11.5,4.25],"tintindex":0,"rotation":0,"texture":"#0"},"north":{"uv":[2.0,10.75,2.75,11.5],"tintindex":0,"rotation":0,"texture":"#0"},"west":{"uv":[10.5,1.75,11.5,2.5],"tintindex":0,"rotation":0,"texture":"#0"},"up":{"uv":[9.5,11.0,8.75,10.0],"tintindex":0,"rotation":0,"texture":"#0"},"down":{"uv":[11.25,2.5,10.5,3.5],"tintindex":0,"rotation":0,"texture":"#0"}}},{"from":[4.5,7.0,5.5],"to":[9.5,10.0,10.5],"faces":{"east":{"uv":[10.0,7.25,11.25,8.0],"tintindex":0,"rotation":0,"texture":"#0"},"south":{"uv":[7.5,10.0,8.75,10.75],"tintindex":0,"rotation":0,"texture":"#0"},"north":{"uv":[10.0,6.5,11.25,7.25],"tintindex":0,"rotation":0,"texture":"#0"},"west":{"uv":[10.5,0.0,11.75,0.75],"tintindex":0,"rotation":0,"texture":"#0"},"up":{"uv":[5.25,9.0,4.0,7.75],"tintindex":0,"rotation":0,"texture":"#0"},"down":{"uv":[9.0,6.0,7.75,7.25],"tintindex":0,"rotation":0,"texture":"#0"}}},{"from":[5.0,4.0,6.0],"to":[8.0,7.0,10.0],"faces":{"east":{"uv":[2.0,10.0,3.0,10.75],"tintindex":0,"rotation":0,"texture":"#0"},"south":{"uv":[10.75,3.5,11.5,4.25],"tintindex":0,"rotation":0,"texture":"#0"},"north":{"uv":[2.0,10.75,2.75,11.5],"tintindex":0,"rotation":0,"texture":"#0"},"west":{"uv":[10.5,1.75,11.5,2.5],"tintindex":0,"rotation":0,"texture":"#0"},"up":{"uv":[9.5,11.0,8.75,10.0],"tintindex":0,"rotation":0,"texture":"#0"},"down":{"uv":[11.25,2.5,10.5,3.5],"tintindex":0,"rotation":0,"texture":"#0"}}}],"display":{"head":{"rotation":[0.0,0.0,0.0,0.0,0.0,0.0]},"firstperson_righthand":{"rotation":[0.0,0.0,0.0,0.0,0.0,0.0]},"thirdperson_lefthand":{"rotation":[0.0,-0.0,-0.0,0.0,-0.0,-0.0]},"firstperson_lefthand":{"rotation":[0.0,-0.0,-0.0,0.0,-0.0,-0.0]},"fixed":{"rotation":[0.0,0.0,0.0,0.0,0.0,0.0]},"ground":{"rotation":[0.0,0.0,0.0,0.0,0.0,0.0]},"thirdperson_righthand":{"rotation":[0.0,0.0,0.0,0.0,0.0,0.0]},"gui":{"rotation":[-150.0,-45.0,180.0,-150.0,-45.0,180.0]}}}