{"textures":{"0":"modelengine:entity/wizard","particle":"#0"},"elements":[{"from":[6.5,1.0,8.0],"to":[9.5,8.0,12.0],"faces":{"east":{"uv":[7.875,1.0,8.375,1.875],"tintindex":0,"rotation":0,"texture":"#0"},"south":{"uv":[1.5,8.0,1.875,8.875],"tintindex":0,"rotation":0,"texture":"#0"},"north":{"uv":[7.875,5.5,8.25,6.375],"tintindex":0,"rotation":0,"texture":"#0"},"west":{"uv":[4.0,7.875,4.5,8.75],"tintindex":0,"rotation":0,"texture":"#0"},"up":{"uv":[8.625,8.875,8.25,8.375],"tintindex":0,"rotation":0,"texture":"#0"},"down":{"uv":[0.875,8.5,0.5,9.0],"tintindex":0,"rotation":0,"texture":"#0"}}},{"from":[6.5,1.0,7.0],"to":[9.5,3.0,8.0],"faces":{"east":{"uv":[2.0,6.75,2.125,7.0],"tintindex":0,"rotation":0,"texture":"#0"},"south":{"uv":[0.875,8.875,1.25,9.125],"tintindex":0,"rotation":0,"texture":"#0"},"north":{"uv":[8.75,2.875,9.125,3.125],"tintindex":0,"rotation":0,"texture":"#0"},"west":{"uv":[6.875,4.75,7.0,5.0],"tintindex":0,"rotation":0,"texture":"#0"},"up":{"uv":[5.625,4.25,5.25,4.125],"tintindex":0,"rotation":0,"texture":"#0"},"down":{"uv":[6.125,2.875,5.75,3.0],"tintindex":0,"rotation":0,"texture":"#0"}}},{"from":[6.5,1.0,8.0],"to":[9.5,8.0,12.0],"faces":{"east":{"uv":[7.875,1.0,8.375,1.875],"tintindex":0,"rotation":0,"texture":"#0"},"south":{"uv":[1.5,8.0,1.875,8.875],"tintindex":0,"rotation":0,"texture":"#0"},"north":{"uv":[7.875,5.5,8.25,6.375],"tintindex":0,"rotation":0,"texture":"#0"},"west":{"uv":[4.0,7.875,4.5,8.75],"tintindex":0,"rotation":0,"texture":"#0"},"up":{"uv":[8.625,8.875,8.25,8.375],"tintindex":0,"rotation":0,"texture":"#0"},"down":{"uv":[0.875,8.5,0.5,9.0],"tintindex":0,"rotation":0,"texture":"#0"}}},{"from":[6.5,1.0,7.0],"to":[9.5,3.0,8.0],"faces":{"east":{"uv":[2.0,6.75,2.125,7.0],"tintindex":0,"rotation":0,"texture":"#0"},"south":{"uv":[0.875,8.875,1.25,9.125],"tintindex":0,"rotation":0,"texture":"#0"},"north":{"uv":[8.75,2.875,9.125,3.125],"tintindex":0,"rotation":0,"texture":"#0"},"west":{"uv":[6.875,4.75,7.0,5.0],"tintindex":0,"rotation":0,"texture":"#0"},"up":{"uv":[5.625,4.25,5.25,4.125],"tintindex":0,"rotation":0,"texture":"#0"},"down":{"uv":[6.125,2.875,5.75,3.0],"tintindex":0,"rotation":0,"texture":"#0"}}}],"display":{"head":{"rotation":[0.0,0.0,0.0,0.0,0.0,0.0]},"firstperson_righthand":{"rotation":[0.0,0.0,0.0,0.0,0.0,0.0]},"thirdperson_lefthand":{"rotation":[0.0,-0.0,-0.0,0.0,-0.0,-0.0]},"firstperson_lefthand":{"rotation":[0.0,-0.0,-0.0,0.0,-0.0,-0.0]},"fixed":{"rotation":[0.0,0.0,0.0,0.0,0.0,0.0]},"ground":{"rotation":[0.0,0.0,0.0,0.0,0.0,0.0]},"thirdperson_righthand":{"rotation":[0.0,0.0,0.0,0.0,0.0,0.0]},"gui":{"rotation":[-150.0,-45.0,180.0,-150.0,-45.0,180.0]}}}