{"textures":{"0":"modelengine:entity/guardorange","particle":"#0"},"elements":[{"from":[8.0,7.75609,2.6145196],"to":[9.0,9.75609,9.614519],"faces":{"east":{"uv":[15.0,0.5,13.25,1.0],"tintindex":0,"rotation":0,"texture":"#0"},"south":{"uv":[12.75,0.0,12.5,0.5],"tintindex":0,"rotation":0,"texture":"#0"},"north":{"uv":[13.0,0.0,12.75,0.5],"tintindex":0,"rotation":0,"texture":"#0"},"west":{"uv":[15.0,0.0,13.25,0.5],"tintindex":0,"rotation":0,"texture":"#0"},"up":{"uv":[15.75,1.75,16.0,0.0],"tintindex":0,"rotation":0,"texture":"#0"},"down":{"uv":[15.25,1.75,15.5,0.0],"tintindex":0,"rotation":0,"texture":"#0"}},"rotation":{"origin":[8.5,8.75609,6.1145196],"angle":22.5,"axis":"x"}},{"from":[7.5,4.014881,9.268171],"to":[9.5,10.014881,11.368172],"faces":{"east":{"uv":[13.275,2.75,12.75,4.25],"tintindex":0,"rotation":0,"texture":"#0"},"south":{"uv":[12.75,1.25,12.25,2.75],"tintindex":0,"rotation":0,"texture":"#0"},"north":{"uv":[13.25,1.25,12.75,2.75],"tintindex":0,"rotation":0,"texture":"#0"},"west":{"uv":[12.775,2.75,12.25,4.25],"tintindex":0,"rotation":0,"texture":"#0"},"up":{"uv":[12.75,5.025,13.25,4.5],"tintindex":0,"rotation":0,"texture":"#0"},"down":{"uv":[12.25,5.025,12.75,4.5],"tintindex":0,"rotation":0,"texture":"#0"}},"rotation":{"origin":[8.5,7.014881,10.318171],"angle":22.5,"axis":"x"}},{"from":[8.0,7.75609,2.6145196],"to":[9.0,9.75609,9.614519],"faces":{"east":{"uv":[15.0,0.5,13.25,1.0],"tintindex":0,"rotation":0,"texture":"#0"},"south":{"uv":[12.75,0.0,12.5,0.5],"tintindex":0,"rotation":0,"texture":"#0"},"north":{"uv":[13.0,0.0,12.75,0.5],"tintindex":0,"rotation":0,"texture":"#0"},"west":{"uv":[15.0,0.0,13.25,0.5],"tintindex":0,"rotation":0,"texture":"#0"},"up":{"uv":[15.75,1.75,16.0,0.0],"tintindex":0,"rotation":0,"texture":"#0"},"down":{"uv":[15.25,1.75,15.5,0.0],"tintindex":0,"rotation":0,"texture":"#0"}},"rotation":{"origin":[8.5,8.75609,6.1145196],"angle":22.5,"axis":"x"}},{"from":[7.5,4.014881,9.268171],"to":[9.5,10.014881,11.368172],"faces":{"east":{"uv":[13.275,2.75,12.75,4.25],"tintindex":0,"rotation":0,"texture":"#0"},"south":{"uv":[12.75,1.25,12.25,2.75],"tintindex":0,"rotation":0,"texture":"#0"},"north":{"uv":[13.25,1.25,12.75,2.75],"tintindex":0,"rotation":0,"texture":"#0"},"west":{"uv":[12.775,2.75,12.25,4.25],"tintindex":0,"rotation":0,"texture":"#0"},"up":{"uv":[12.75,5.025,13.25,4.5],"tintindex":0,"rotation":0,"texture":"#0"},"down":{"uv":[12.25,5.025,12.75,4.5],"tintindex":0,"rotation":0,"texture":"#0"}},"rotation":{"origin":[8.5,7.014881,10.318171],"angle":22.5,"axis":"x"}}],"display":{"head":{"rotation":[0.0,0.0,0.0,0.0,0.0,0.0]},"firstperson_righthand":{"rotation":[0.0,0.0,0.0,0.0,0.0,0.0]},"thirdperson_lefthand":{"rotation":[0.0,-0.0,-0.0,0.0,-0.0,-0.0]},"firstperson_lefthand":{"rotation":[0.0,-0.0,-0.0,0.0,-0.0,-0.0]},"fixed":{"rotation":[0.0,0.0,0.0,0.0,0.0,0.0]},"ground":{"rotation":[0.0,0.0,0.0,0.0,0.0,0.0]},"thirdperson_righthand":{"rotation":[0.0,0.0,0.0,0.0,0.0,0.0]},"gui":{"rotation":[-150.0,-45.0,180.0,-150.0,-45.0,180.0]}}}