{"textures":{"0":"modelengine:entity/guardorange","particle":"#0"},"elements":[{"from":[5.0,1.1522417,3.2346334],"to":[11.0,5.1522417,3.2346334],"faces":{"south":{"uv":[6.75,4.75,8.25,5.75],"tintindex":0,"rotation":0,"texture":"#0"},"north":{"uv":[6.75,4.75,8.25,5.75],"tintindex":0,"rotation":0,"texture":"#0"}},"rotation":{"origin":[8.0,3.1522417,3.2346334],"angle":22.5,"axis":"x"}},{"from":[3.0,9.936423,6.374302],"to":[13.0,14.936423,10.374302],"faces":{"east":{"uv":[9.5,9.5,10.5,10.75],"tintindex":0,"rotation":0,"texture":"#0"},"south":{"uv":[4.25,4.75,6.75,6.0],"tintindex":0,"rotation":0,"texture":"#0"},"north":{"uv":[4.25,3.5,6.75,4.75],"tintindex":0,"rotation":0,"texture":"#0"},"west":{"uv":[9.75,3.75,10.75,5.0],"tintindex":0,"rotation":0,"texture":"#0"},"up":{"uv":[8.5,1.0,6.0,0.0],"tintindex":0,"rotation":0,"texture":"#0"},"down":{"uv":[8.5,1.0,6.0,2.0],"tintindex":0,"rotation":0,"texture":"#0"}}},{"from":[4.0,3.9682121,5.187151],"to":[12.0,10.968211,9.187151],"faces":{"east":{"uv":[0.0,12.75,1.0,14.5],"tintindex":0,"rotation":0,"texture":"#0"},"south":{"uv":[3.0,14.25,5.0,16.0],"tintindex":0,"rotation":0,"texture":"#0"},"north":{"uv":[1.0,14.25,3.0,16.0],"tintindex":0,"rotation":0,"texture":"#0"},"west":{"uv":[2.0,11.5,3.0,13.25],"tintindex":0,"rotation":0,"texture":"#0"},"up":{"uv":[8.75,4.75,6.75,3.75],"tintindex":0,"rotation":0,"texture":"#0"},"down":{"uv":[6.25,6.75,4.25,7.75],"tintindex":0,"rotation":0,"texture":"#0"}},"rotation":{"origin":[8.0,7.468212,7.187151],"angle":22.5,"axis":"x"}},{"from":[12.0,4.6288195,3.9207296],"to":[14.0,7.6288195,16.92073],"faces":{"east":{"uv":[4.0,6.0,7.25,6.75],"tintindex":0,"rotation":0,"texture":"#0"},"south":{"uv":[3.5,11.0,4.0,11.75],"tintindex":0,"rotation":0,"texture":"#0"},"north":{"uv":[2.5,9.0,3.0,9.75],"tintindex":0,"rotation":0,"texture":"#0"},"west":{"uv":[6.25,2.0,9.5,2.75],"tintindex":0,"rotation":0,"texture":"#0"},"up":{"uv":[3.5,11.0,3.0,7.75],"tintindex":0,"rotation":0,"texture":"#0"},"down":{"uv":[4.0,7.75,3.5,11.0],"tintindex":0,"rotation":0,"texture":"#0"}},"rotation":{"origin":[13.0,6.1288195,10.42073],"angle":22.5,"axis":"x"}}],"display":{"head":{"rotation":[0.0,0.0,0.0]},"firstperson_righthand":{"rotation":[0.0,0.0,0.0]},"thirdperson_lefthand":{"rotation":[0.0,-0.0,-0.0]},"firstperson_lefthand":{"rotation":[0.0,-0.0,-0.0]},"fixed":{"rotation":[0.0,0.0,0.0]},"ground":{"rotation":[0.0,0.0,0.0]},"thirdperson_righthand":{"rotation":[0.0,0.0,0.0]},"gui":{"rotation":[-150.0,-45.0,180.0]}}}