{"textures":{"0":"modelengine:entity/guardorange","particle":"#0"},"elements":[{"from":[6.5,6.0,4.0],"to":[9.5,8.0,8.0],"faces":{"east":{"uv":[6.5,10.75,5.5,11.25],"tintindex":0,"rotation":0,"texture":"#0"},"south":{"uv":[7.25,11.0,6.5,11.5],"tintindex":0,"rotation":0,"texture":"#0"},"north":{"uv":[3.5,11.0,2.75,11.5],"tintindex":0,"rotation":0,"texture":"#0"},"west":{"uv":[9.5,1.5,8.5,2.0],"tintindex":0,"rotation":0,"texture":"#0"},"up":{"uv":[4.75,11.5,5.5,10.5],"tintindex":0,"rotation":0,"texture":"#0"},"down":{"uv":[10.5,5.0,11.25,6.0],"tintindex":0,"rotation":0,"texture":"#0"}}},{"from":[6.0,1.0,3.5],"to":[10.0,6.0,8.5],"faces":{"east":{"uv":[6.5,8.0,5.25,9.25],"tintindex":0,"rotation":0,"texture":"#0"},"south":{"uv":[10.5,1.25,9.5,2.5],"tintindex":0,"rotation":0,"texture":"#0"},"north":{"uv":[10.5,0.0,9.5,1.25],"tintindex":0,"rotation":0,"texture":"#0"},"west":{"uv":[9.0,7.25,7.75,8.5],"tintindex":0,"rotation":0,"texture":"#0"},"up":{"uv":[5.75,10.75,6.75,9.5],"tintindex":0,"rotation":0,"texture":"#0"},"down":{"uv":[9.5,8.25,10.5,9.5],"tintindex":0,"rotation":0,"texture":"#0"}}},{"from":[8.0,-1.0,3.5],"to":[10.0,1.0,8.5],"faces":{"east":{"uv":[11.75,10.0,10.5,10.5],"tintindex":0,"rotation":0,"texture":"#0"},"south":{"uv":[1.5,8.5,1.0,9.0],"tintindex":0,"rotation":0,"texture":"#0"},"north":{"uv":[2.0,7.25,1.5,7.75],"tintindex":0,"rotation":0,"texture":"#0"},"west":{"uv":[11.75,6.0,10.5,6.5],"tintindex":0,"rotation":0,"texture":"#0"},"up":{"uv":[8.25,6.0,8.75,4.75],"tintindex":0,"rotation":0,"texture":"#0"},"down":{"uv":[10.5,10.5,11.0,11.75],"tintindex":0,"rotation":0,"texture":"#0"}}},{"from":[6.0,-1.0,3.5],"to":[8.0,1.0,6.5],"faces":{"east":{"uv":[11.75,10.5,11.0,11.0],"tintindex":0,"rotation":0,"texture":"#0"},"south":{"uv":[11.75,7.75,11.25,8.25],"tintindex":0,"rotation":0,"texture":"#0"},"north":{"uv":[8.0,11.25,7.5,11.75],"tintindex":0,"rotation":0,"texture":"#0"},"west":{"uv":[9.25,11.0,8.5,11.5],"tintindex":0,"rotation":0,"texture":"#0"},"up":{"uv":[6.25,3.5,6.75,2.75],"tintindex":0,"rotation":0,"texture":"#0"},"down":{"uv":[7.25,6.0,7.75,6.75],"tintindex":0,"rotation":0,"texture":"#0"}}}],"display":{"head":{"rotation":[0.0,0.0,0.0]},"firstperson_righthand":{"rotation":[0.0,0.0,0.0]},"thirdperson_lefthand":{"rotation":[0.0,-0.0,-0.0]},"firstperson_lefthand":{"rotation":[0.0,-0.0,-0.0]},"fixed":{"rotation":[0.0,0.0,0.0]},"ground":{"rotation":[0.0,0.0,0.0]},"thirdperson_righthand":{"rotation":[0.0,0.0,0.0]},"gui":{"rotation":[-150.0,-45.0,180.0]}}}