{"textures":{"0":"modelengine:entity/guardorange","particle":"#0"},"elements":[{"from":[7.0,4.0,6.0],"to":[10.0,10.0,10.0],"faces":{"east":{"uv":[6.5,8.0,7.5,9.5],"tintindex":0,"rotation":0,"texture":"#0"},"south":{"uv":[9.75,5.0,10.5,6.5],"tintindex":0,"rotation":0,"texture":"#0"},"north":{"uv":[6.75,9.5,7.5,11.0],"tintindex":0,"rotation":0,"texture":"#0"},"west":{"uv":[0.0,8.5,1.0,10.0],"tintindex":0,"rotation":0,"texture":"#0"},"up":{"uv":[11.25,9.0,10.5,8.0],"tintindex":0,"rotation":0,"texture":"#0"},"down":{"uv":[11.25,9.0,10.5,10.0],"tintindex":0,"rotation":0,"texture":"#0"}}}],"display":{"head":{"rotation":[0.0,0.0,0.0]},"firstperson_righthand":{"rotation":[0.0,0.0,0.0]},"thirdperson_lefthand":{"rotation":[0.0,-0.0,-0.0]},"firstperson_lefthand":{"rotation":[0.0,-0.0,-0.0]},"fixed":{"rotation":[0.0,0.0,0.0]},"ground":{"rotation":[0.0,0.0,0.0]},"thirdperson_righthand":{"rotation":[0.0,0.0,0.0]},"gui":{"rotation":[-150.0,-45.0,180.0]}}}