{"textures":{"0":"modelengine:entity/guardcyan","particle":"#0"},"elements":[{"from":[8.0,-4.0,-1.0],"to":[12.0,-1.0,9.0],"faces":{"east":{"uv":[13.5,12.75,16.0,13.25],"tintindex":0,"rotation":0,"texture":"#0"},"south":{"uv":[14.25,12.75,15.25,13.25],"tintindex":0,"rotation":0,"texture":"#0"},"north":{"uv":[14.5,13.5,15.5,14.0],"tintindex":0,"rotation":0,"texture":"#0"},"west":{"uv":[13.25,11.75,15.75,12.25],"tintindex":0,"rotation":0,"texture":"#0"},"up":{"uv":[14.0,12.75,15.0,15.25],"tintindex":0,"rotation":0,"texture":"#0"},"down":{"uv":[13.75,11.0,14.75,13.5],"tintindex":0,"rotation":0,"texture":"#0"}}},{"from":[8.0,-4.0,-1.0],"to":[12.0,-1.0,9.0],"faces":{"east":{"uv":[13.5,12.75,16.0,13.25],"tintindex":0,"rotation":0,"texture":"#0"},"south":{"uv":[14.25,12.75,15.25,13.25],"tintindex":0,"rotation":0,"texture":"#0"},"north":{"uv":[14.5,13.5,15.5,14.0],"tintindex":0,"rotation":0,"texture":"#0"},"west":{"uv":[13.25,11.75,15.75,12.25],"tintindex":0,"rotation":0,"texture":"#0"},"up":{"uv":[14.0,12.75,15.0,15.25],"tintindex":0,"rotation":0,"texture":"#0"},"down":{"uv":[13.75,11.0,14.75,13.5],"tintindex":0,"rotation":0,"texture":"#0"}}}],"display":{"head":{"rotation":[0.0,0.0,0.0,0.0,0.0,0.0]},"firstperson_righthand":{"rotation":[0.0,0.0,0.0,0.0,0.0,0.0]},"thirdperson_lefthand":{"rotation":[0.0,-0.0,-0.0,0.0,-0.0,-0.0]},"firstperson_lefthand":{"rotation":[0.0,-0.0,-0.0,0.0,-0.0,-0.0]},"fixed":{"rotation":[0.0,0.0,0.0,0.0,0.0,0.0]},"ground":{"rotation":[0.0,0.0,0.0,0.0,0.0,0.0]},"thirdperson_righthand":{"rotation":[0.0,0.0,0.0,0.0,0.0,0.0]},"gui":{"rotation":[-150.0,-45.0,180.0,-150.0,-45.0,180.0]}}}