{"textures":{"0":"modelengine:entity/guardcyan","particle":"#0"},"elements":[{"from":[8.0,-1.0,3.5],"to":[10.0,1.0,6.5],"faces":{"east":{"uv":[8.5,11.0,9.25,11.5],"tintindex":0,"rotation":0,"texture":"#0"},"south":{"uv":[11.25,7.75,11.75,8.25],"tintindex":0,"rotation":0,"texture":"#0"},"north":{"uv":[7.5,11.25,8.0,11.75],"tintindex":0,"rotation":0,"texture":"#0"},"west":{"uv":[11.0,10.5,11.75,11.0],"tintindex":0,"rotation":0,"texture":"#0"},"up":{"uv":[6.75,3.5,6.25,2.75],"tintindex":0,"rotation":0,"texture":"#0"},"down":{"uv":[7.75,6.0,7.25,6.75],"tintindex":0,"rotation":0,"texture":"#0"}}},{"from":[6.0,1.0,3.5],"to":[10.0,6.0,8.5],"faces":{"east":{"uv":[7.75,7.25,9.0,8.5],"tintindex":0,"rotation":0,"texture":"#0"},"south":{"uv":[9.5,1.25,10.5,2.5],"tintindex":0,"rotation":0,"texture":"#0"},"north":{"uv":[9.5,0.0,10.5,1.25],"tintindex":0,"rotation":0,"texture":"#0"},"west":{"uv":[5.25,8.0,6.5,9.25],"tintindex":0,"rotation":0,"texture":"#0"},"up":{"uv":[6.75,10.75,5.75,9.5],"tintindex":0,"rotation":0,"texture":"#0"},"down":{"uv":[10.5,8.25,9.5,9.5],"tintindex":0,"rotation":0,"texture":"#0"}}},{"from":[6.5,6.0,4.0],"to":[9.5,8.0,8.0],"faces":{"east":{"uv":[8.5,1.5,9.5,2.0],"tintindex":0,"rotation":0,"texture":"#0"},"south":{"uv":[6.5,11.0,7.25,11.5],"tintindex":0,"rotation":0,"texture":"#0"},"north":{"uv":[2.75,11.0,3.5,11.5],"tintindex":0,"rotation":0,"texture":"#0"},"west":{"uv":[5.5,10.75,6.5,11.25],"tintindex":0,"rotation":0,"texture":"#0"},"up":{"uv":[5.5,11.5,4.75,10.5],"tintindex":0,"rotation":0,"texture":"#0"},"down":{"uv":[11.25,5.0,10.5,6.0],"tintindex":0,"rotation":0,"texture":"#0"}}},{"from":[6.0,-1.0,3.5],"to":[8.0,1.0,8.5],"faces":{"east":{"uv":[10.5,6.0,11.75,6.5],"tintindex":0,"rotation":0,"texture":"#0"},"south":{"uv":[1.0,8.5,1.5,9.0],"tintindex":0,"rotation":0,"texture":"#0"},"north":{"uv":[1.5,7.25,2.0,7.75],"tintindex":0,"rotation":0,"texture":"#0"},"west":{"uv":[10.5,10.0,11.75,10.5],"tintindex":0,"rotation":0,"texture":"#0"},"up":{"uv":[8.75,6.0,8.25,4.75],"tintindex":0,"rotation":0,"texture":"#0"},"down":{"uv":[11.0,10.5,10.5,11.75],"tintindex":0,"rotation":0,"texture":"#0"}}},{"from":[8.0,-1.0,3.5],"to":[10.0,1.0,6.5],"faces":{"east":{"uv":[8.5,11.0,9.25,11.5],"tintindex":0,"rotation":0,"texture":"#0"},"south":{"uv":[11.25,7.75,11.75,8.25],"tintindex":0,"rotation":0,"texture":"#0"},"north":{"uv":[7.5,11.25,8.0,11.75],"tintindex":0,"rotation":0,"texture":"#0"},"west":{"uv":[11.0,10.5,11.75,11.0],"tintindex":0,"rotation":0,"texture":"#0"},"up":{"uv":[6.75,3.5,6.25,2.75],"tintindex":0,"rotation":0,"texture":"#0"},"down":{"uv":[7.75,6.0,7.25,6.75],"tintindex":0,"rotation":0,"texture":"#0"}}},{"from":[6.0,1.0,3.5],"to":[10.0,6.0,8.5],"faces":{"east":{"uv":[7.75,7.25,9.0,8.5],"tintindex":0,"rotation":0,"texture":"#0"},"south":{"uv":[9.5,1.25,10.5,2.5],"tintindex":0,"rotation":0,"texture":"#0"},"north":{"uv":[9.5,0.0,10.5,1.25],"tintindex":0,"rotation":0,"texture":"#0"},"west":{"uv":[5.25,8.0,6.5,9.25],"tintindex":0,"rotation":0,"texture":"#0"},"up":{"uv":[6.75,10.75,5.75,9.5],"tintindex":0,"rotation":0,"texture":"#0"},"down":{"uv":[10.5,8.25,9.5,9.5],"tintindex":0,"rotation":0,"texture":"#0"}}},{"from":[6.5,6.0,4.0],"to":[9.5,8.0,8.0],"faces":{"east":{"uv":[8.5,1.5,9.5,2.0],"tintindex":0,"rotation":0,"texture":"#0"},"south":{"uv":[6.5,11.0,7.25,11.5],"tintindex":0,"rotation":0,"texture":"#0"},"north":{"uv":[2.75,11.0,3.5,11.5],"tintindex":0,"rotation":0,"texture":"#0"},"west":{"uv":[5.5,10.75,6.5,11.25],"tintindex":0,"rotation":0,"texture":"#0"},"up":{"uv":[5.5,11.5,4.75,10.5],"tintindex":0,"rotation":0,"texture":"#0"},"down":{"uv":[11.25,5.0,10.5,6.0],"tintindex":0,"rotation":0,"texture":"#0"}}},{"from":[6.0,-1.0,3.5],"to":[8.0,1.0,8.5],"faces":{"east":{"uv":[10.5,6.0,11.75,6.5],"tintindex":0,"rotation":0,"texture":"#0"},"south":{"uv":[1.0,8.5,1.5,9.0],"tintindex":0,"rotation":0,"texture":"#0"},"north":{"uv":[1.5,7.25,2.0,7.75],"tintindex":0,"rotation":0,"texture":"#0"},"west":{"uv":[10.5,10.0,11.75,10.5],"tintindex":0,"rotation":0,"texture":"#0"},"up":{"uv":[8.75,6.0,8.25,4.75],"tintindex":0,"rotation":0,"texture":"#0"},"down":{"uv":[11.0,10.5,10.5,11.75],"tintindex":0,"rotation":0,"texture":"#0"}}}],"display":{"head":{"rotation":[0.0,0.0,0.0,0.0,0.0,0.0]},"firstperson_righthand":{"rotation":[0.0,0.0,0.0,0.0,0.0,0.0]},"thirdperson_lefthand":{"rotation":[0.0,-0.0,-0.0,0.0,-0.0,-0.0]},"firstperson_lefthand":{"rotation":[0.0,-0.0,-0.0,0.0,-0.0,-0.0]},"fixed":{"rotation":[0.0,0.0,0.0,0.0,0.0,0.0]},"ground":{"rotation":[0.0,0.0,0.0,0.0,0.0,0.0]},"thirdperson_righthand":{"rotation":[0.0,0.0,0.0,0.0,0.0,0.0]},"gui":{"rotation":[-150.0,-45.0,180.0,-150.0,-45.0,180.0]}}}