{"textures":{"0":"modelengine:entity/wizard","particle":"#0"},"elements":[{"from":[2.7046275,10.299236,8.0],"to":[3.7046275,13.299236,10.0],"faces":{"east":{"uv":[5.75,5.0,6.0,5.375],"tintindex":0,"rotation":0,"texture":"#0"},"south":{"uv":[6.75,1.375,6.875,1.75],"tintindex":0,"rotation":0,"texture":"#0"},"north":{"uv":[2.125,4.75,2.25,5.125],"tintindex":0,"rotation":0,"texture":"#0"},"west":{"uv":[8.625,8.75,8.875,9.125],"tintindex":0,"rotation":0,"texture":"#0"},"up":{"uv":[3.75,5.375,3.625,5.125],"tintindex":0,"rotation":0,"texture":"#0"},"down":{"uv":[6.875,1.75,6.75,2.0],"tintindex":0,"rotation":0,"texture":"#0"}},"rotation":{"origin":[3.2046275,11.799236,9.0],"angle":-22.5,"axis":"y"}},{"from":[2.9546275,14.299236,4.0],"to":[10.954628,18.299236,13.0],"faces":{"east":{"uv":[6.875,6.625,8.0,7.125],"tintindex":0,"rotation":0,"texture":"#0"},"south":{"uv":[1.5,7.5,2.5,8.0],"tintindex":0,"rotation":0,"texture":"#0"},"north":{"uv":[4.25,3.0,5.25,3.5],"tintindex":0,"rotation":0,"texture":"#0"},"west":{"uv":[1.5,7.0,2.625,7.5],"tintindex":0,"rotation":0,"texture":"#0"},"up":{"uv":[3.125,6.25,2.125,5.125],"tintindex":0,"rotation":0,"texture":"#0"},"down":{"uv":[6.25,3.0,5.25,4.125],"tintindex":0,"rotation":0,"texture":"#0"}}},{"from":[2.4546275,3.5,12.045372],"to":[11.454628,8.5,19.045372],"faces":{"east":{"uv":[6.875,7.125,7.75,7.75],"tintindex":0,"rotation":0,"texture":"#0"},"south":{"uv":[6.875,4.125,8.0,4.75],"tintindex":0,"rotation":0,"texture":"#0"},"north":{"uv":[6.875,2.125,8.0,2.75],"tintindex":0,"rotation":0,"texture":"#0"},"west":{"uv":[7.375,2.75,8.25,3.375],"tintindex":0,"rotation":0,"texture":"#0"},"up":{"uv":[6.75,2.0,5.625,1.125],"tintindex":0,"rotation":0,"texture":"#0"},"down":{"uv":[1.125,5.75,0.0,6.625],"tintindex":0,"rotation":0,"texture":"#0"}},"rotation":{"origin":[6.9546275,7.0,17.045372],"angle":22.5,"axis":"x"}},{"from":[-0.04537201,13.299236,1.0],"to":[13.954628,14.299236,15.0],"faces":{"east":{"uv":[8.25,8.0,10.0,8.125],"tintindex":0,"rotation":0,"texture":"#0"},"south":{"uv":[8.25,8.125,10.0,8.25],"tintindex":0,"rotation":0,"texture":"#0"},"north":{"uv":[8.25,7.875,10.0,8.0],"tintindex":0,"rotation":0,"texture":"#0"},"west":{"uv":[8.25,8.25,10.0,8.375],"tintindex":0,"rotation":0,"texture":"#0"},"up":{"uv":[1.75,1.75,0.0,0.0],"tintindex":0,"rotation":0,"texture":"#0"},"down":{"uv":[1.75,1.75,0.0,3.5],"tintindex":0,"rotation":0,"texture":"#0"}}},{"from":[5.9546275,17.299236,11.0],"to":[8.954628,21.299236,19.0],"faces":{"east":{"uv":[7.625,0.0,8.625,0.5],"tintindex":0,"rotation":0,"texture":"#0"},"south":{"uv":[6.875,8.625,7.25,9.125],"tintindex":0,"rotation":0,"texture":"#0"},"north":{"uv":[4.5,8.625,4.875,9.125],"tintindex":0,"rotation":0,"texture":"#0"},"west":{"uv":[7.75,0.5,8.75,1.0],"tintindex":0,"rotation":0,"texture":"#0"},"up":{"uv":[7.75,8.75,7.375,7.75],"tintindex":0,"rotation":0,"texture":"#0"},"down":{"uv":[5.375,7.875,5.0,8.875],"tintindex":0,"rotation":0,"texture":"#0"}}},{"from":[10.204628,10.299236,8.0],"to":[11.204628,13.299236,10.0],"faces":{"east":{"uv":[8.875,8.75,8.625,9.125],"tintindex":0,"rotation":0,"texture":"#0"},"south":{"uv":[6.875,1.375,6.75,1.75],"tintindex":0,"rotation":0,"texture":"#0"},"north":{"uv":[2.25,4.75,2.125,5.125],"tintindex":0,"rotation":0,"texture":"#0"},"west":{"uv":[6.0,5.0,5.75,5.375],"tintindex":0,"rotation":0,"texture":"#0"},"up":{"uv":[3.625,5.375,3.75,5.125],"tintindex":0,"rotation":0,"texture":"#0"},"down":{"uv":[6.75,1.75,6.875,2.0],"tintindex":0,"rotation":0,"texture":"#0"}},"rotation":{"origin":[10.704628,11.799236,9.0],"angle":22.5,"axis":"y"}},{"from":[5.9546275,10.299236,3.0],"to":[7.9546275,11.299236,4.0],"faces":{"east":{"uv":[5.625,2.0,5.75,2.125],"tintindex":0,"rotation":0,"texture":"#0"},"south":{"uv":[2.375,6.25,2.625,6.375],"tintindex":0,"rotation":0,"texture":"#0"},"north":{"uv":[2.125,6.25,2.375,6.375],"tintindex":0,"rotation":0,"texture":"#0"},"west":{"uv":[5.625,4.125,5.75,4.25],"tintindex":0,"rotation":0,"texture":"#0"},"up":{"uv":[2.875,6.375,2.625,6.25],"tintindex":0,"rotation":0,"texture":"#0"},"down":{"uv":[3.125,6.25,2.875,6.375],"tintindex":0,"rotation":0,"texture":"#0"}}},{"from":[3.9546275,16.299236,6.0],"to":[9.954628,22.299236,12.0],"faces":{"east":{"uv":[3.375,7.0,4.125,7.75],"tintindex":0,"rotation":0,"texture":"#0"},"south":{"uv":[7.0,4.75,7.75,5.5],"tintindex":0,"rotation":0,"texture":"#0"},"north":{"uv":[2.625,7.0,3.375,7.75],"tintindex":0,"rotation":0,"texture":"#0"},"west":{"uv":[4.125,7.125,4.875,7.875],"tintindex":0,"rotation":0,"texture":"#0"},"up":{"uv":[5.625,7.875,4.875,7.125],"tintindex":0,"rotation":0,"texture":"#0"},"down":{"uv":[7.875,5.5,7.125,6.25],"tintindex":0,"rotation":0,"texture":"#0"}},"rotation":{"origin":[6.9546275,16.299236,8.0],"angle":45.0,"axis":"x"}},{"from":[1.9546275,5.2992363,3.0],"to":[11.954628,10.299236,13.0],"faces":{"east":{"uv":[2.125,6.375,3.375,7.0],"tintindex":0,"rotation":0,"texture":"#0"},"south":{"uv":[3.375,6.375,4.625,7.0],"tintindex":0,"rotation":0,"texture":"#0"},"north":{"uv":[6.375,0.0,7.625,0.625],"tintindex":0,"rotation":0,"texture":"#0"},"west":{"uv":[4.625,6.5,5.875,7.125],"tintindex":0,"rotation":0,"texture":"#0"},"up":{"uv":[3.0,3.5,1.75,2.25],"tintindex":0,"rotation":0,"texture":"#0"},"down":{"uv":[4.25,2.25,3.0,3.5],"tintindex":0,"rotation":0,"texture":"#0"}}},{"from":[2.9546275,7.2992363,4.0],"to":[10.954628,13.299236,12.0],"faces":{"east":{"uv":[0.5,6.75,1.5,7.5],"tintindex":0,"rotation":0,"texture":"#0"},"south":{"uv":[6.75,0.625,7.75,1.375],"tintindex":0,"rotation":0,"texture":"#0"},"north":{"uv":[5.875,6.625,6.875,7.375],"tintindex":0,"rotation":0,"texture":"#0"},"west":{"uv":[6.875,1.375,7.875,2.125],"tintindex":0,"rotation":0,"texture":"#0"},"up":{"uv":[4.125,6.375,3.125,5.375],"tintindex":0,"rotation":0,"texture":"#0"},"down":{"uv":[5.125,5.375,4.125,6.375],"tintindex":0,"rotation":0,"texture":"#0"}}},{"from":[2.7046275,10.299236,8.0],"to":[3.7046275,13.299236,10.0],"faces":{"east":{"uv":[5.75,5.0,6.0,5.375],"tintindex":0,"rotation":0,"texture":"#0"},"south":{"uv":[6.75,1.375,6.875,1.75],"tintindex":0,"rotation":0,"texture":"#0"},"north":{"uv":[2.125,4.75,2.25,5.125],"tintindex":0,"rotation":0,"texture":"#0"},"west":{"uv":[8.625,8.75,8.875,9.125],"tintindex":0,"rotation":0,"texture":"#0"},"up":{"uv":[3.75,5.375,3.625,5.125],"tintindex":0,"rotation":0,"texture":"#0"},"down":{"uv":[6.875,1.75,6.75,2.0],"tintindex":0,"rotation":0,"texture":"#0"}},"rotation":{"origin":[3.2046275,11.799236,9.0],"angle":-22.5,"axis":"y"}},{"from":[2.9546275,14.299236,4.0],"to":[10.954628,18.299236,13.0],"faces":{"east":{"uv":[6.875,6.625,8.0,7.125],"tintindex":0,"rotation":0,"texture":"#0"},"south":{"uv":[1.5,7.5,2.5,8.0],"tintindex":0,"rotation":0,"texture":"#0"},"north":{"uv":[4.25,3.0,5.25,3.5],"tintindex":0,"rotation":0,"texture":"#0"},"west":{"uv":[1.5,7.0,2.625,7.5],"tintindex":0,"rotation":0,"texture":"#0"},"up":{"uv":[3.125,6.25,2.125,5.125],"tintindex":0,"rotation":0,"texture":"#0"},"down":{"uv":[6.25,3.0,5.25,4.125],"tintindex":0,"rotation":0,"texture":"#0"}}},{"from":[2.4546275,3.5,12.045372],"to":[11.454628,8.5,19.045372],"faces":{"east":{"uv":[6.875,7.125,7.75,7.75],"tintindex":0,"rotation":0,"texture":"#0"},"south":{"uv":[6.875,4.125,8.0,4.75],"tintindex":0,"rotation":0,"texture":"#0"},"north":{"uv":[6.875,2.125,8.0,2.75],"tintindex":0,"rotation":0,"texture":"#0"},"west":{"uv":[7.375,2.75,8.25,3.375],"tintindex":0,"rotation":0,"texture":"#0"},"up":{"uv":[6.75,2.0,5.625,1.125],"tintindex":0,"rotation":0,"texture":"#0"},"down":{"uv":[1.125,5.75,0.0,6.625],"tintindex":0,"rotation":0,"texture":"#0"}},"rotation":{"origin":[6.9546275,7.0,17.045372],"angle":22.5,"axis":"x"}},{"from":[-0.04537201,13.299236,1.0],"to":[13.954628,14.299236,15.0],"faces":{"east":{"uv":[8.25,8.0,10.0,8.125],"tintindex":0,"rotation":0,"texture":"#0"},"south":{"uv":[8.25,8.125,10.0,8.25],"tintindex":0,"rotation":0,"texture":"#0"},"north":{"uv":[8.25,7.875,10.0,8.0],"tintindex":0,"rotation":0,"texture":"#0"},"west":{"uv":[8.25,8.25,10.0,8.375],"tintindex":0,"rotation":0,"texture":"#0"},"up":{"uv":[1.75,1.75,0.0,0.0],"tintindex":0,"rotation":0,"texture":"#0"},"down":{"uv":[1.75,1.75,0.0,3.5],"tintindex":0,"rotation":0,"texture":"#0"}}},{"from":[5.9546275,17.299236,11.0],"to":[8.954628,21.299236,19.0],"faces":{"east":{"uv":[7.625,0.0,8.625,0.5],"tintindex":0,"rotation":0,"texture":"#0"},"south":{"uv":[6.875,8.625,7.25,9.125],"tintindex":0,"rotation":0,"texture":"#0"},"north":{"uv":[4.5,8.625,4.875,9.125],"tintindex":0,"rotation":0,"texture":"#0"},"west":{"uv":[7.75,0.5,8.75,1.0],"tintindex":0,"rotation":0,"texture":"#0"},"up":{"uv":[7.75,8.75,7.375,7.75],"tintindex":0,"rotation":0,"texture":"#0"},"down":{"uv":[5.375,7.875,5.0,8.875],"tintindex":0,"rotation":0,"texture":"#0"}}},{"from":[10.204628,10.299236,8.0],"to":[11.204628,13.299236,10.0],"faces":{"east":{"uv":[8.875,8.75,8.625,9.125],"tintindex":0,"rotation":0,"texture":"#0"},"south":{"uv":[6.875,1.375,6.75,1.75],"tintindex":0,"rotation":0,"texture":"#0"},"north":{"uv":[2.25,4.75,2.125,5.125],"tintindex":0,"rotation":0,"texture":"#0"},"west":{"uv":[6.0,5.0,5.75,5.375],"tintindex":0,"rotation":0,"texture":"#0"},"up":{"uv":[3.625,5.375,3.75,5.125],"tintindex":0,"rotation":0,"texture":"#0"},"down":{"uv":[6.75,1.75,6.875,2.0],"tintindex":0,"rotation":0,"texture":"#0"}},"rotation":{"origin":[10.704628,11.799236,9.0],"angle":22.5,"axis":"y"}},{"from":[5.9546275,10.299236,3.0],"to":[7.9546275,11.299236,4.0],"faces":{"east":{"uv":[5.625,2.0,5.75,2.125],"tintindex":0,"rotation":0,"texture":"#0"},"south":{"uv":[2.375,6.25,2.625,6.375],"tintindex":0,"rotation":0,"texture":"#0"},"north":{"uv":[2.125,6.25,2.375,6.375],"tintindex":0,"rotation":0,"texture":"#0"},"west":{"uv":[5.625,4.125,5.75,4.25],"tintindex":0,"rotation":0,"texture":"#0"},"up":{"uv":[2.875,6.375,2.625,6.25],"tintindex":0,"rotation":0,"texture":"#0"},"down":{"uv":[3.125,6.25,2.875,6.375],"tintindex":0,"rotation":0,"texture":"#0"}}},{"from":[3.9546275,16.299236,6.0],"to":[9.954628,22.299236,12.0],"faces":{"east":{"uv":[3.375,7.0,4.125,7.75],"tintindex":0,"rotation":0,"texture":"#0"},"south":{"uv":[7.0,4.75,7.75,5.5],"tintindex":0,"rotation":0,"texture":"#0"},"north":{"uv":[2.625,7.0,3.375,7.75],"tintindex":0,"rotation":0,"texture":"#0"},"west":{"uv":[4.125,7.125,4.875,7.875],"tintindex":0,"rotation":0,"texture":"#0"},"up":{"uv":[5.625,7.875,4.875,7.125],"tintindex":0,"rotation":0,"texture":"#0"},"down":{"uv":[7.875,5.5,7.125,6.25],"tintindex":0,"rotation":0,"texture":"#0"}},"rotation":{"origin":[6.9546275,16.299236,8.0],"angle":45.0,"axis":"x"}},{"from":[1.9546275,5.2992363,3.0],"to":[11.954628,10.299236,13.0],"faces":{"east":{"uv":[2.125,6.375,3.375,7.0],"tintindex":0,"rotation":0,"texture":"#0"},"south":{"uv":[3.375,6.375,4.625,7.0],"tintindex":0,"rotation":0,"texture":"#0"},"north":{"uv":[6.375,0.0,7.625,0.625],"tintindex":0,"rotation":0,"texture":"#0"},"west":{"uv":[4.625,6.5,5.875,7.125],"tintindex":0,"rotation":0,"texture":"#0"},"up":{"uv":[3.0,3.5,1.75,2.25],"tintindex":0,"rotation":0,"texture":"#0"},"down":{"uv":[4.25,2.25,3.0,3.5],"tintindex":0,"rotation":0,"texture":"#0"}}},{"from":[2.9546275,7.2992363,4.0],"to":[10.954628,13.299236,12.0],"faces":{"east":{"uv":[0.5,6.75,1.5,7.5],"tintindex":0,"rotation":0,"texture":"#0"},"south":{"uv":[6.75,0.625,7.75,1.375],"tintindex":0,"rotation":0,"texture":"#0"},"north":{"uv":[5.875,6.625,6.875,7.375],"tintindex":0,"rotation":0,"texture":"#0"},"west":{"uv":[6.875,1.375,7.875,2.125],"tintindex":0,"rotation":0,"texture":"#0"},"up":{"uv":[4.125,6.375,3.125,5.375],"tintindex":0,"rotation":0,"texture":"#0"},"down":{"uv":[5.125,5.375,4.125,6.375],"tintindex":0,"rotation":0,"texture":"#0"}}}],"display":{"head":{"rotation":[0.0,0.0,0.0,0.0,0.0,0.0]},"firstperson_righthand":{"rotation":[0.0,0.0,0.0,0.0,0.0,0.0]},"thirdperson_lefthand":{"rotation":[0.0,-0.0,-0.0,0.0,-0.0,-0.0]},"firstperson_lefthand":{"rotation":[0.0,-0.0,-0.0,0.0,-0.0,-0.0]},"fixed":{"rotation":[0.0,0.0,0.0,0.0,0.0,0.0]},"ground":{"rotation":[0.0,0.0,0.0,0.0,0.0,0.0]},"thirdperson_righthand":{"rotation":[0.0,0.0,0.0,0.0,0.0,0.0]},"gui":{"rotation":[-150.0,-45.0,180.0,-150.0,-45.0,180.0]}}}