{"textures":{"0":"modelengine:entity/wizard","particle":"#0"},"elements":[{"from":[6.554544,8.418255,3.6195087],"to":[8.554544,16.418255,12.61951],"faces":{"east":{"uv":[4.5,1.125,5.625,2.125],"tintindex":0,"rotation":0,"texture":"#0"},"south":{"uv":[6.375,8.25,6.625,9.25],"tintindex":0,"rotation":0,"texture":"#0"},"north":{"uv":[6.125,8.25,6.375,9.25],"tintindex":0,"rotation":0,"texture":"#0"},"west":{"uv":[0.0,4.75,1.125,5.75],"tintindex":0,"rotation":0,"texture":"#0"},"up":{"uv":[5.625,9.0,5.375,7.875],"tintindex":0,"rotation":0,"texture":"#0"},"down":{"uv":[8.5,4.75,8.25,5.875],"tintindex":0,"rotation":0,"texture":"#0"}},"rotation":{"origin":[5.9999995,13.0,8.0],"angle":22.5,"axis":"z"}},{"from":[8.278963,7.6854744,3.6195087],"to":[16.278963,9.685474,12.61951],"faces":{"east":{"uv":[7.375,3.375,8.5,3.625],"tintindex":0,"rotation":0,"texture":"#0"},"south":{"uv":[8.25,7.25,9.25,7.5],"tintindex":0,"rotation":0,"texture":"#0"},"north":{"uv":[8.25,7.0,9.25,7.25],"tintindex":0,"rotation":0,"texture":"#0"},"west":{"uv":[8.25,3.125,9.375,3.375],"tintindex":0,"rotation":0,"texture":"#0"},"up":{"uv":[2.125,5.875,1.125,4.75],"tintindex":0,"rotation":0,"texture":"#0"},"down":{"uv":[5.75,4.25,4.75,5.375],"tintindex":0,"rotation":0,"texture":"#0"}},"rotation":{"origin":[11.298709,8.027931,8.0],"angle":-22.5,"axis":"z"}},{"from":[5.554544,7.918255,3.1195087],"to":[6.554544,16.918255,13.11951],"faces":{"east":{"uv":[3.25,0.0,4.5,1.125],"tintindex":0,"rotation":0,"texture":"#0"},"south":{"uv":[7.25,8.625,7.375,9.75],"tintindex":0,"rotation":0,"texture":"#0"},"north":{"uv":[4.875,8.625,5.0,9.75],"tintindex":0,"rotation":0,"texture":"#0"},"west":{"uv":[3.25,1.125,4.5,2.25],"tintindex":0,"rotation":0,"texture":"#0"},"up":{"uv":[1.5,9.75,1.375,8.5],"tintindex":0,"rotation":0,"texture":"#0"},"down":{"uv":[2.375,8.625,2.25,9.875],"tintindex":0,"rotation":0,"texture":"#0"}},"rotation":{"origin":[5.9999995,13.0,8.0],"angle":22.5,"axis":"z"}},{"from":[7.7789626,6.6854744,3.1195087],"to":[16.778963,7.6854744,13.11951],"faces":{"east":{"uv":[4.5,2.125,5.75,2.25],"tintindex":0,"rotation":0,"texture":"#0"},"south":{"uv":[8.75,0.875,9.875,1.0],"tintindex":0,"rotation":0,"texture":"#0"},"north":{"uv":[8.5,6.875,9.625,7.0],"tintindex":0,"rotation":0,"texture":"#0"},"west":{"uv":[8.5,2.375,9.75,2.5],"tintindex":0,"rotation":0,"texture":"#0"},"up":{"uv":[1.125,4.75,0.0,3.5],"tintindex":0,"rotation":0,"texture":"#0"},"down":{"uv":[2.25,3.5,1.125,4.75],"tintindex":0,"rotation":0,"texture":"#0"}},"rotation":{"origin":[11.298709,8.027931,8.0],"angle":-22.5,"axis":"z"}}],"display":{"head":{"rotation":[0.0,0.0,0.0]},"firstperson_righthand":{"rotation":[0.0,0.0,0.0]},"thirdperson_lefthand":{"rotation":[0.0,-0.0,-0.0]},"firstperson_lefthand":{"rotation":[0.0,-0.0,-0.0]},"fixed":{"rotation":[0.0,0.0,0.0]},"ground":{"rotation":[0.0,0.0,0.0]},"thirdperson_righthand":{"rotation":[0.0,0.0,0.0]},"gui":{"rotation":[-150.0,-45.0,180.0]}}}