{"textures":{"0":"modelengine:entity/wizard","particle":"#0"},"elements":[{"from":[6.0,5.0,3.5],"to":[10.0,8.0,8.5],"faces":{"east":{"uv":[7.125,6.25,7.75,6.625],"tintindex":0,"rotation":0,"texture":"#0"},"south":{"uv":[3.25,8.375,3.75,8.75],"tintindex":0,"rotation":0,"texture":"#0"},"north":{"uv":[2.75,8.375,3.25,8.75],"tintindex":0,"rotation":0,"texture":"#0"},"west":{"uv":[8.25,7.5,8.875,7.875],"tintindex":0,"rotation":0,"texture":"#0"},"up":{"uv":[8.5,4.75,8.0,4.125],"tintindex":0,"rotation":0,"texture":"#0"},"down":{"uv":[8.5,6.375,8.0,7.0],"tintindex":0,"rotation":0,"texture":"#0"}}},{"from":[6.5,2.0,4.0],"to":[9.5,5.0,8.0],"faces":{"east":{"uv":[0.875,8.5,1.375,8.875],"tintindex":0,"rotation":0,"texture":"#0"},"south":{"uv":[8.75,2.5,9.125,2.875],"tintindex":0,"rotation":0,"texture":"#0"},"north":{"uv":[8.75,0.5,9.125,0.875],"tintindex":0,"rotation":0,"texture":"#0"},"west":{"uv":[8.5,1.75,9.0,2.125],"tintindex":0,"rotation":0,"texture":"#0"},"up":{"uv":[8.875,4.625,8.5,4.125],"tintindex":0,"rotation":0,"texture":"#0"},"down":{"uv":[8.875,4.625,8.5,5.125],"tintindex":0,"rotation":0,"texture":"#0"}}},{"from":[6.5,0.0,4.0],"to":[8.5,2.0,8.0],"faces":{"east":{"uv":[3.125,5.125,3.625,5.375],"tintindex":0,"rotation":0,"texture":"#0"},"south":{"uv":[7.75,6.375,8.0,6.625],"tintindex":0,"rotation":0,"texture":"#0"},"north":{"uv":[5.625,7.125,5.875,7.375],"tintindex":0,"rotation":0,"texture":"#0"},"west":{"uv":[1.5,6.75,2.0,7.0],"tintindex":0,"rotation":0,"texture":"#0"},"up":{"uv":[3.75,9.25,3.5,8.75],"tintindex":0,"rotation":0,"texture":"#0"},"down":{"uv":[7.625,8.75,7.375,9.25],"tintindex":0,"rotation":0,"texture":"#0"}}},{"from":[8.5,1.0,4.0],"to":[9.5,2.0,6.0],"faces":{"east":{"uv":[4.625,6.375,4.875,6.5],"tintindex":0,"rotation":0,"texture":"#0"},"south":{"uv":[5.875,6.5,6.0,6.625],"tintindex":0,"rotation":0,"texture":"#0"},"north":{"uv":[6.125,2.875,6.25,3.0],"tintindex":0,"rotation":0,"texture":"#0"},"west":{"uv":[4.875,6.375,5.125,6.5],"tintindex":0,"rotation":0,"texture":"#0"},"up":{"uv":[7.125,5.75,7.0,5.5],"tintindex":0,"rotation":0,"texture":"#0"},"down":{"uv":[2.625,7.5,2.5,7.75],"tintindex":0,"rotation":0,"texture":"#0"}}}],"display":{"head":{"rotation":[0.0,0.0,0.0]},"firstperson_righthand":{"rotation":[0.0,0.0,0.0]},"thirdperson_lefthand":{"rotation":[0.0,-0.0,-0.0]},"firstperson_lefthand":{"rotation":[0.0,-0.0,-0.0]},"fixed":{"rotation":[0.0,0.0,0.0]},"ground":{"rotation":[0.0,0.0,0.0]},"thirdperson_righthand":{"rotation":[0.0,0.0,0.0]},"gui":{"rotation":[-150.0,-45.0,180.0]}}}