{"textures":{"0":"modelengine:entity/wizard","particle":"#0"},"elements":[{"from":[5.5,2.0,6.0],"to":[9.5,9.0,11.0],"faces":{"east":{"uv":[6.875,7.375,6.25,8.25],"tintindex":0,"rotation":0,"texture":"#0"},"south":{"uv":[8.25,7.125,7.75,8.0],"tintindex":0,"rotation":0,"texture":"#0"},"north":{"uv":[7.375,7.75,6.875,8.625],"tintindex":0,"rotation":0,"texture":"#0"},"west":{"uv":[6.25,7.375,5.625,8.25],"tintindex":0,"rotation":0,"texture":"#0"},"up":{"uv":[7.75,8.625,8.25,8.0],"tintindex":0,"rotation":0,"texture":"#0"},"down":{"uv":[8.25,2.5,8.75,3.125],"tintindex":0,"rotation":0,"texture":"#0"}}}],"display":{"head":{"rotation":[0.0,0.0,0.0]},"firstperson_righthand":{"rotation":[0.0,0.0,0.0]},"thirdperson_lefthand":{"rotation":[0.0,-0.0,-0.0]},"firstperson_lefthand":{"rotation":[0.0,-0.0,-0.0]},"fixed":{"rotation":[0.0,0.0,0.0]},"ground":{"rotation":[0.0,0.0,0.0]},"thirdperson_righthand":{"rotation":[0.0,0.0,0.0]},"gui":{"rotation":[-150.0,-45.0,180.0]}}}