{"textures":{"0":"modelengine:entity/wizard","particle":"#0"},"elements":[{"from":[1.0,-1.0,13.0],"to":[7.0,12.0,13.0],"faces":{"south":{"uv":[3.0,3.5,3.75,5.125],"tintindex":0,"rotation":0,"texture":"#0"},"north":{"uv":[2.25,3.5,3.0,5.125],"tintindex":0,"rotation":0,"texture":"#0"}}},{"from":[1.0,11.0,4.0],"to":[13.0,17.0,13.0],"faces":{"east":{"uv":[6.0,5.875,7.125,6.625],"tintindex":0,"rotation":0,"texture":"#0"},"south":{"uv":[4.25,2.25,5.75,3.0],"tintindex":0,"rotation":0,"texture":"#0"},"north":{"uv":[3.75,3.5,5.25,4.25],"tintindex":0,"rotation":0,"texture":"#0"},"west":{"uv":[6.25,2.875,7.375,3.625],"tintindex":0,"rotation":0,"texture":"#0"},"up":{"uv":[3.25,1.125,1.75,0.0],"tintindex":0,"rotation":0,"texture":"#0"},"down":{"uv":[3.25,1.125,1.75,2.25],"tintindex":0,"rotation":0,"texture":"#0"}}},{"from":[3.0,5.0,5.0],"to":[11.0,14.0,12.0],"faces":{"east":{"uv":[5.125,5.375,6.0,6.5],"tintindex":0,"rotation":0,"texture":"#0"},"south":{"uv":[4.5,0.0,5.5,1.125],"tintindex":0,"rotation":0,"texture":"#0"},"north":{"uv":[3.75,4.25,4.75,5.375],"tintindex":0,"rotation":0,"texture":"#0"},"west":{"uv":[5.5,0.0,6.375,1.125],"tintindex":0,"rotation":0,"texture":"#0"},"up":{"uv":[2.125,6.75,1.125,5.875],"tintindex":0,"rotation":0,"texture":"#0"},"down":{"uv":[7.0,5.0,6.0,5.875],"tintindex":0,"rotation":0,"texture":"#0"}}}],"display":{"head":{"rotation":[0.0,0.0,0.0]},"firstperson_righthand":{"rotation":[0.0,0.0,0.0]},"thirdperson_lefthand":{"rotation":[0.0,-0.0,-0.0]},"firstperson_lefthand":{"rotation":[0.0,-0.0,-0.0]},"fixed":{"rotation":[0.0,0.0,0.0]},"ground":{"rotation":[0.0,0.0,0.0]},"thirdperson_righthand":{"rotation":[0.0,0.0,0.0]},"gui":{"rotation":[-150.0,-45.0,180.0]}}}