{"textures":{"0":"modelengine:entity/archer","particle":"#0"},"elements":[{"from":[6.25,6.0,5.0],"to":[9.25,8.0,8.0],"faces":{"east":{"uv":[14.5,2.75,15.25,3.25],"tintindex":0,"rotation":0,"texture":"#0"},"south":{"uv":[3.5,14.5,4.25,15.0],"tintindex":0,"rotation":0,"texture":"#0"},"north":{"uv":[12.75,2.75,13.5,3.25],"tintindex":0,"rotation":0,"texture":"#0"},"west":{"uv":[1.25,8.75,2.0,9.25],"tintindex":0,"rotation":0,"texture":"#0"},"up":{"uv":[1.5,14.75,0.75,14.0],"tintindex":0,"rotation":270,"texture":"#0"},"down":{"uv":[14.75,0.75,14.0,1.5],"tintindex":0,"rotation":90,"texture":"#0"}}},{"from":[7.75,-1.0,4.5],"to":[9.75,1.0,6.5],"faces":{"east":{"uv":[14.75,0.5,15.25,1.0],"tintindex":0,"rotation":0,"texture":"#0"},"south":{"uv":[0.75,14.75,1.25,15.25],"tintindex":0,"rotation":0,"texture":"#0"},"north":{"uv":[14.5,14.25,15.0,14.75],"tintindex":0,"rotation":0,"texture":"#0"},"west":{"uv":[14.0,14.5,14.5,15.0],"tintindex":0,"rotation":0,"texture":"#0"},"up":{"uv":[15.25,1.5,14.75,1.0],"tintindex":0,"rotation":270,"texture":"#0"},"down":{"uv":[15.25,1.5,14.75,2.0],"tintindex":0,"rotation":90,"texture":"#0"}}},{"from":[5.75,1.0,4.5],"to":[9.75,6.0,8.5],"faces":{"east":{"uv":[12.25,0.0,13.25,1.25],"tintindex":0,"rotation":0,"texture":"#0"},"south":{"uv":[3.5,12.25,4.5,13.5],"tintindex":0,"rotation":0,"texture":"#0"},"north":{"uv":[12.0,12.0,13.0,13.25],"tintindex":0,"rotation":0,"texture":"#0"},"west":{"uv":[9.5,7.5,10.5,8.75],"tintindex":0,"rotation":0,"texture":"#0"},"up":{"uv":[14.0,10.75,13.0,9.75],"tintindex":0,"rotation":270,"texture":"#0"},"down":{"uv":[14.0,12.0,13.0,13.0],"tintindex":0,"rotation":90,"texture":"#0"}}},{"from":[5.75,-1.0,4.5],"to":[7.75,1.0,8.5],"faces":{"east":{"uv":[14.25,4.75,15.25,5.25],"tintindex":0,"rotation":0,"texture":"#0"},"south":{"uv":[1.5,14.0,2.0,14.5],"tintindex":0,"rotation":0,"texture":"#0"},"north":{"uv":[10.0,1.5,10.5,2.0],"tintindex":0,"rotation":0,"texture":"#0"},"west":{"uv":[14.0,12.5,15.0,13.0],"tintindex":0,"rotation":0,"texture":"#0"},"up":{"uv":[15.25,5.75,14.25,5.25],"tintindex":0,"rotation":270,"texture":"#0"},"down":{"uv":[15.25,5.75,14.25,6.25],"tintindex":0,"rotation":90,"texture":"#0"}}}],"display":{"head":{"rotation":[0.0,0.0,0.0]},"firstperson_righthand":{"rotation":[0.0,0.0,0.0]},"thirdperson_lefthand":{"rotation":[0.0,-0.0,-0.0]},"firstperson_lefthand":{"rotation":[0.0,-0.0,-0.0]},"fixed":{"rotation":[0.0,0.0,0.0]},"ground":{"rotation":[0.0,0.0,0.0]},"thirdperson_righthand":{"rotation":[0.0,0.0,0.0]},"gui":{"rotation":[-150.0,-45.0,180.0]}}}