{"textures":{"0":"modelengine:entity/guardcyan","particle":"#0"},"elements":[{"from":[8.0,0.0,-11.1],"to":[9.0,2.0,-9.0],"faces":{"east":{"uv":[13.0,7.5,13.5,8.0],"tintindex":0,"rotation":0,"texture":"#0"},"south":{"uv":[12.75,7.0,13.0,7.5],"tintindex":0,"rotation":0,"texture":"#0"},"north":{"uv":[12.25,7.0,12.5,7.5],"tintindex":0,"rotation":0,"texture":"#0"},"west":{"uv":[13.0,7.0,13.5,7.5],"tintindex":0,"rotation":0,"texture":"#0"},"up":{"uv":[13.75,7.5,14.0,8.0],"tintindex":0,"rotation":0,"texture":"#0"},"down":{"uv":[14.0,7.5,14.25,8.0],"tintindex":0,"rotation":0,"texture":"#0"}}},{"from":[7.5,-2.0,0.9000001],"to":[9.5,4.0,3.0],"faces":{"east":{"uv":[12.75,2.75,13.275,4.25],"tintindex":0,"rotation":0,"texture":"#0"},"south":{"uv":[12.75,1.25,13.25,2.75],"tintindex":0,"rotation":0,"texture":"#0"},"north":{"uv":[12.25,1.25,12.75,2.75],"tintindex":0,"rotation":0,"texture":"#0"},"west":{"uv":[12.25,2.75,12.775,4.25],"tintindex":0,"rotation":0,"texture":"#0"},"up":{"uv":[12.75,4.5,13.25,5.025],"tintindex":0,"rotation":0,"texture":"#0"},"down":{"uv":[12.25,4.5,12.75,5.025],"tintindex":0,"rotation":0,"texture":"#0"}}},{"from":[8.0,0.0,3.0],"to":[9.0,2.0,10.0],"faces":{"east":{"uv":[13.25,0.5,15.0,1.0],"tintindex":0,"rotation":0,"texture":"#0"},"south":{"uv":[12.75,0.0,13.0,0.5],"tintindex":0,"rotation":0,"texture":"#0"},"north":{"uv":[12.5,0.0,12.75,0.5],"tintindex":0,"rotation":0,"texture":"#0"},"west":{"uv":[13.25,0.0,15.0,0.5],"tintindex":0,"rotation":0,"texture":"#0"},"up":{"uv":[15.75,0.0,16.0,1.75],"tintindex":0,"rotation":0,"texture":"#0"},"down":{"uv":[15.25,0.0,15.5,1.75],"tintindex":0,"rotation":0,"texture":"#0"}}},{"from":[8.0,-1.0,-9.0],"to":[9.0,3.0,1.0],"faces":{"east":{"uv":[13.5,4.5,16.0,5.5],"tintindex":0,"rotation":0,"texture":"#0"},"south":{"uv":[15.75,6.25,16.0,7.25],"tintindex":0,"rotation":0,"texture":"#0"},"north":{"uv":[15.5,6.25,15.75,7.25],"tintindex":0,"rotation":0,"texture":"#0"},"west":{"uv":[13.5,3.25,16.0,4.25],"tintindex":0,"rotation":0,"texture":"#0"},"up":{"uv":[15.0,6.0,15.25,8.5],"tintindex":0,"rotation":0,"texture":"#0"},"down":{"uv":[14.5,6.0,14.75,8.5],"tintindex":0,"rotation":0,"texture":"#0"}}}],"display":{"head":{"rotation":[0.0,0.0,0.0]},"firstperson_righthand":{"rotation":[0.0,0.0,0.0]},"thirdperson_lefthand":{"rotation":[0.0,-0.0,-0.0]},"firstperson_lefthand":{"rotation":[0.0,-0.0,-0.0]},"fixed":{"rotation":[0.0,0.0,0.0]},"ground":{"rotation":[0.0,0.0,0.0]},"thirdperson_righthand":{"rotation":[0.0,0.0,0.0]},"gui":{"rotation":[-150.0,-45.0,180.0]}}}