{"textures":{"0":"modelengine:entity/guardcyan","particle":"#0"},"elements":[{"from":[4.0,8.0,3.1666665],"to":[12.0,16.0,11.166667],"faces":{"east":{"uv":[0.0,2.0,2.0,4.0],"tintindex":0,"rotation":0,"texture":"#0"},"south":{"uv":[2.0,0.0,4.0,2.0],"tintindex":0,"rotation":0,"texture":"#0"},"north":{"uv":[0.0,0.0,2.0,2.0],"tintindex":0,"rotation":0,"texture":"#0"},"west":{"uv":[2.0,2.0,4.0,4.0],"tintindex":0,"rotation":0,"texture":"#0"},"up":{"uv":[2.0,6.0,0.0,4.0],"tintindex":0,"rotation":0,"texture":"#0"},"down":{"uv":[6.0,0.0,4.0,2.0],"tintindex":0,"rotation":0,"texture":"#0"}}},{"from":[3.5,13.0,2.6666665],"to":[12.5,17.0,8.666667],"faces":{"east":{"uv":[1.0,9.0,2.5,10.0],"tintindex":0,"rotation":0,"texture":"#0"},"south":{"uv":[6.75,2.75,9.0,3.75],"tintindex":0,"rotation":0,"texture":"#0"},"north":{"uv":[2.0,6.75,4.25,7.75],"tintindex":0,"rotation":0,"texture":"#0"},"west":{"uv":[9.0,2.75,10.5,3.75],"tintindex":0,"rotation":0,"texture":"#0"},"up":{"uv":[4.25,5.5,2.0,4.0],"tintindex":0,"rotation":0,"texture":"#0"},"down":{"uv":[6.25,2.0,4.0,3.5],"tintindex":0,"rotation":0,"texture":"#0"}}},{"from":[6.5,11.0,1.6666665],"to":[9.5,13.0,8.666667],"faces":{"east":{"uv":[10.5,0.75,12.25,1.25],"tintindex":0,"rotation":0,"texture":"#0"},"south":{"uv":[11.25,5.5,12.0,6.0],"tintindex":0,"rotation":0,"texture":"#0"},"north":{"uv":[5.5,11.25,6.25,11.75],"tintindex":0,"rotation":0,"texture":"#0"},"west":{"uv":[10.5,1.25,12.25,1.75],"tintindex":0,"rotation":0,"texture":"#0"},"up":{"uv":[4.75,10.75,4.0,9.0],"tintindex":0,"rotation":0,"texture":"#0"},"down":{"uv":[9.75,5.25,9.0,7.0],"tintindex":0,"rotation":0,"texture":"#0"}}}],"display":{"head":{"rotation":[0.0,0.0,0.0]},"firstperson_righthand":{"rotation":[0.0,0.0,0.0]},"thirdperson_lefthand":{"rotation":[0.0,-0.0,-0.0]},"firstperson_lefthand":{"rotation":[0.0,-0.0,-0.0]},"fixed":{"rotation":[0.0,0.0,0.0]},"ground":{"rotation":[0.0,0.0,0.0]},"thirdperson_righthand":{"rotation":[0.0,0.0,0.0]},"gui":{"rotation":[-150.0,-45.0,180.0]}}}