{"textures":{"0":"modelengine:entity/guardcyan","particle":"#0"},"elements":[{"from":[6.5,6.0,8.0],"to":[9.5,8.0,11.0],"faces":{"east":{"uv":[12.0,5.0,11.25,5.5],"tintindex":0,"rotation":0,"texture":"#0"},"south":{"uv":[12.0,3.0,11.25,3.5],"tintindex":0,"rotation":0,"texture":"#0"},"north":{"uv":[11.75,11.0,11.0,11.5],"tintindex":0,"rotation":0,"texture":"#0"},"west":{"uv":[12.0,2.5,11.25,3.0],"tintindex":0,"rotation":0,"texture":"#0"},"up":{"uv":[4.0,11.5,4.75,10.75],"tintindex":0,"rotation":0,"texture":"#0"},"down":{"uv":[10.75,4.25,11.5,5.0],"tintindex":0,"rotation":0,"texture":"#0"}}},{"from":[6.0,0.0,7.5],"to":[10.0,6.0,11.5],"faces":{"east":{"uv":[9.75,3.75,8.75,5.25],"tintindex":0,"rotation":0,"texture":"#0"},"south":{"uv":[9.5,8.5,8.5,10.0],"tintindex":0,"rotation":0,"texture":"#0"},"north":{"uv":[9.5,0.0,8.5,1.5],"tintindex":0,"rotation":0,"texture":"#0"},"west":{"uv":[8.5,8.5,7.5,10.0],"tintindex":0,"rotation":0,"texture":"#0"},"up":{"uv":[0.0,11.0,1.0,10.0],"tintindex":0,"rotation":0,"texture":"#0"},"down":{"uv":[1.0,10.0,2.0,11.0],"tintindex":0,"rotation":0,"texture":"#0"}}},{"from":[6.0,0.0,6.5],"to":[10.0,2.0,7.5],"faces":{"east":{"uv":[4.25,5.5,4.0,6.0],"tintindex":0,"rotation":0,"texture":"#0"},"south":{"uv":[10.5,10.75,9.5,11.25],"tintindex":0,"rotation":0,"texture":"#0"},"north":{"uv":[8.5,10.75,7.5,11.25],"tintindex":0,"rotation":0,"texture":"#0"},"west":{"uv":[4.25,3.5,4.0,4.0],"tintindex":0,"rotation":0,"texture":"#0"},"up":{"uv":[5.25,8.0,6.25,7.75],"tintindex":0,"rotation":0,"texture":"#0"},"down":{"uv":[9.5,2.5,10.5,2.75],"tintindex":0,"rotation":0,"texture":"#0"}}}],"display":{"head":{"rotation":[0.0,0.0,0.0]},"firstperson_righthand":{"rotation":[0.0,0.0,0.0]},"thirdperson_lefthand":{"rotation":[0.0,-0.0,-0.0]},"firstperson_lefthand":{"rotation":[0.0,-0.0,-0.0]},"fixed":{"rotation":[0.0,0.0,0.0]},"ground":{"rotation":[0.0,0.0,0.0]},"thirdperson_righthand":{"rotation":[0.0,0.0,0.0]},"gui":{"rotation":[-150.0,-45.0,180.0]}}}