{"textures":{"0":"modelengine:entity/guardcyan","particle":"#0"},"elements":[{"from":[8.0,4.0,6.0],"to":[11.0,7.0,10.0],"faces":{"east":{"uv":[11.5,1.75,10.5,2.5],"tintindex":0,"rotation":0,"texture":"#0"},"south":{"uv":[11.5,3.5,10.75,4.25],"tintindex":0,"rotation":0,"texture":"#0"},"north":{"uv":[2.75,10.75,2.0,11.5],"tintindex":0,"rotation":0,"texture":"#0"},"west":{"uv":[3.0,10.0,2.0,10.75],"tintindex":0,"rotation":0,"texture":"#0"},"up":{"uv":[8.75,11.0,9.5,10.0],"tintindex":0,"rotation":0,"texture":"#0"},"down":{"uv":[10.5,2.5,11.25,3.5],"tintindex":0,"rotation":0,"texture":"#0"}}},{"from":[6.5,7.0,5.5],"to":[11.5,10.0,10.5],"faces":{"east":{"uv":[11.75,0.0,10.5,0.75],"tintindex":0,"rotation":0,"texture":"#0"},"south":{"uv":[8.75,10.0,7.5,10.75],"tintindex":0,"rotation":0,"texture":"#0"},"north":{"uv":[11.25,6.5,10.0,7.25],"tintindex":0,"rotation":0,"texture":"#0"},"west":{"uv":[11.25,7.25,10.0,8.0],"tintindex":0,"rotation":0,"texture":"#0"},"up":{"uv":[4.0,9.0,5.25,7.75],"tintindex":0,"rotation":0,"texture":"#0"},"down":{"uv":[7.75,6.0,9.0,7.25],"tintindex":0,"rotation":0,"texture":"#0"}}}],"display":{"head":{"rotation":[0.0,0.0,0.0]},"firstperson_righthand":{"rotation":[0.0,0.0,0.0]},"thirdperson_lefthand":{"rotation":[0.0,-0.0,-0.0]},"firstperson_lefthand":{"rotation":[0.0,-0.0,-0.0]},"fixed":{"rotation":[0.0,0.0,0.0]},"ground":{"rotation":[0.0,0.0,0.0]},"thirdperson_righthand":{"rotation":[0.0,0.0,0.0]},"gui":{"rotation":[-150.0,-45.0,180.0]}}}