{"textures":{"0":"modelengine:entity/guardcyan","particle":"#0"},"elements":[{"from":[7.0,7.0,6.75],"to":[9.0,9.0,15.75],"faces":{"east":{"uv":[8.75,14.75,6.25,15.25],"tintindex":0,"rotation":0,"texture":"#0"},"south":{"uv":[6.25,15.5,5.75,16.0],"tintindex":0,"rotation":0,"texture":"#0"},"north":{"uv":[5.75,15.5,5.25,16.0],"tintindex":0,"rotation":0,"texture":"#0"},"west":{"uv":[8.75,15.5,6.25,16.0],"tintindex":0,"rotation":0,"texture":"#0"},"up":{"uv":[8.75,16.0,9.25,13.5],"tintindex":0,"rotation":0,"texture":"#0"},"down":{"uv":[9.25,13.5,9.75,16.0],"tintindex":0,"rotation":0,"texture":"#0"}}},{"from":[6.5,6.5,2.75],"to":[9.5,9.5,6.75],"faces":{"east":{"uv":[7.25,14.0,6.25,14.75],"tintindex":0,"rotation":0,"texture":"#0"},"south":{"uv":[6.25,14.0,5.5,14.75],"tintindex":0,"rotation":0,"texture":"#0"},"north":{"uv":[6.25,13.25,5.5,14.0],"tintindex":0,"rotation":0,"texture":"#0"},"west":{"uv":[8.25,14.0,7.25,14.75],"tintindex":0,"rotation":0,"texture":"#0"},"up":{"uv":[8.0,13.5,8.75,12.5],"tintindex":0,"rotation":0,"texture":"#0"},"down":{"uv":[7.25,12.5,8.0,13.5],"tintindex":0,"rotation":0,"texture":"#0"}}},{"from":[7.0,7.0,6.75],"to":[9.0,9.0,15.75],"faces":{"east":{"uv":[8.75,14.75,6.25,15.25],"tintindex":0,"rotation":0,"texture":"#0"},"south":{"uv":[6.25,15.5,5.75,16.0],"tintindex":0,"rotation":0,"texture":"#0"},"north":{"uv":[5.75,15.5,5.25,16.0],"tintindex":0,"rotation":0,"texture":"#0"},"west":{"uv":[8.75,15.5,6.25,16.0],"tintindex":0,"rotation":0,"texture":"#0"},"up":{"uv":[8.75,16.0,9.25,13.5],"tintindex":0,"rotation":0,"texture":"#0"},"down":{"uv":[9.25,13.5,9.75,16.0],"tintindex":0,"rotation":0,"texture":"#0"}}},{"from":[6.5,6.5,2.75],"to":[9.5,9.5,6.75],"faces":{"east":{"uv":[7.25,14.0,6.25,14.75],"tintindex":0,"rotation":0,"texture":"#0"},"south":{"uv":[6.25,14.0,5.5,14.75],"tintindex":0,"rotation":0,"texture":"#0"},"north":{"uv":[6.25,13.25,5.5,14.0],"tintindex":0,"rotation":0,"texture":"#0"},"west":{"uv":[8.25,14.0,7.25,14.75],"tintindex":0,"rotation":0,"texture":"#0"},"up":{"uv":[8.0,13.5,8.75,12.5],"tintindex":0,"rotation":0,"texture":"#0"},"down":{"uv":[7.25,12.5,8.0,13.5],"tintindex":0,"rotation":0,"texture":"#0"}}}],"display":{"head":{"rotation":[0.0,0.0,0.0,0.0,0.0,0.0]},"firstperson_righthand":{"rotation":[0.0,0.0,0.0,0.0,0.0,0.0]},"thirdperson_lefthand":{"rotation":[0.0,-0.0,-0.0,0.0,-0.0,-0.0]},"firstperson_lefthand":{"rotation":[0.0,-0.0,-0.0,0.0,-0.0,-0.0]},"fixed":{"rotation":[0.0,0.0,0.0,0.0,0.0,0.0]},"ground":{"rotation":[0.0,0.0,0.0,0.0,0.0,0.0]},"thirdperson_righthand":{"rotation":[0.0,0.0,0.0,0.0,0.0,0.0]},"gui":{"rotation":[-150.0,-45.0,180.0,-150.0,-45.0,180.0]}}}