{"textures":{"0":"modelengine:entity/wizard","particle":"#0"},"elements":[{"from":[4.0,5.0,5.0],"to":[8.0,10.0,11.0],"faces":{"east":{"uv":[2.5,7.75,3.25,8.375],"tintindex":0,"rotation":0,"texture":"#0"},"south":{"uv":[8.0,1.875,8.5,2.5],"tintindex":0,"rotation":0,"texture":"#0"},"north":{"uv":[1.875,8.0,2.375,8.625],"tintindex":0,"rotation":0,"texture":"#0"},"west":{"uv":[3.25,7.75,4.0,8.375],"tintindex":0,"rotation":0,"texture":"#0"},"up":{"uv":[8.25,5.5,7.75,4.75],"tintindex":0,"rotation":0,"texture":"#0"},"down":{"uv":[5.0,7.875,4.5,8.625],"tintindex":0,"rotation":0,"texture":"#0"}}},{"from":[5.0,2.0,6.0],"to":[8.0,5.0,10.0],"faces":{"east":{"uv":[8.375,1.0,8.875,1.375],"tintindex":0,"rotation":0,"texture":"#0"},"south":{"uv":[8.625,8.375,9.0,8.75],"tintindex":0,"rotation":0,"texture":"#0"},"north":{"uv":[7.75,8.625,8.125,9.0],"tintindex":0,"rotation":0,"texture":"#0"},"west":{"uv":[8.375,1.375,8.875,1.75],"tintindex":0,"rotation":0,"texture":"#0"},"up":{"uv":[6.75,1.125,6.375,0.625],"tintindex":0,"rotation":0,"texture":"#0"},"down":{"uv":[2.75,8.375,2.375,8.875],"tintindex":0,"rotation":0,"texture":"#0"}}},{"from":[4.0,5.0,5.0],"to":[8.0,10.0,11.0],"faces":{"east":{"uv":[2.5,7.75,3.25,8.375],"tintindex":0,"rotation":0,"texture":"#0"},"south":{"uv":[8.0,1.875,8.5,2.5],"tintindex":0,"rotation":0,"texture":"#0"},"north":{"uv":[1.875,8.0,2.375,8.625],"tintindex":0,"rotation":0,"texture":"#0"},"west":{"uv":[3.25,7.75,4.0,8.375],"tintindex":0,"rotation":0,"texture":"#0"},"up":{"uv":[8.25,5.5,7.75,4.75],"tintindex":0,"rotation":0,"texture":"#0"},"down":{"uv":[5.0,7.875,4.5,8.625],"tintindex":0,"rotation":0,"texture":"#0"}}},{"from":[5.0,2.0,6.0],"to":[8.0,5.0,10.0],"faces":{"east":{"uv":[8.375,1.0,8.875,1.375],"tintindex":0,"rotation":0,"texture":"#0"},"south":{"uv":[8.625,8.375,9.0,8.75],"tintindex":0,"rotation":0,"texture":"#0"},"north":{"uv":[7.75,8.625,8.125,9.0],"tintindex":0,"rotation":0,"texture":"#0"},"west":{"uv":[8.375,1.375,8.875,1.75],"tintindex":0,"rotation":0,"texture":"#0"},"up":{"uv":[6.75,1.125,6.375,0.625],"tintindex":0,"rotation":0,"texture":"#0"},"down":{"uv":[2.75,8.375,2.375,8.875],"tintindex":0,"rotation":0,"texture":"#0"}}}],"display":{"head":{"rotation":[0.0,0.0,0.0,0.0,0.0,0.0]},"firstperson_righthand":{"rotation":[0.0,0.0,0.0,0.0,0.0,0.0]},"thirdperson_lefthand":{"rotation":[0.0,-0.0,-0.0,0.0,-0.0,-0.0]},"firstperson_lefthand":{"rotation":[0.0,-0.0,-0.0,0.0,-0.0,-0.0]},"fixed":{"rotation":[0.0,0.0,0.0,0.0,0.0,0.0]},"ground":{"rotation":[0.0,0.0,0.0,0.0,0.0,0.0]},"thirdperson_righthand":{"rotation":[0.0,0.0,0.0,0.0,0.0,0.0]},"gui":{"rotation":[-150.0,-45.0,180.0,-150.0,-45.0,180.0]}}}