{"textures":{"0":"modelengine:entity/wizard","particle":"#0"},"elements":[{"from":[7.0,-6.5,-11.0],"to":[9.0,-4.5,-9.0],"faces":{"east":{"uv":[5.0,8.875,5.25,9.125],"tintindex":0,"rotation":0,"texture":"#0"},"south":{"uv":[8.875,5.125,9.125,5.375],"tintindex":0,"rotation":0,"texture":"#0"},"north":{"uv":[8.875,4.875,9.125,5.125],"tintindex":0,"rotation":0,"texture":"#0"},"west":{"uv":[8.875,5.375,9.125,5.625],"tintindex":0,"rotation":0,"texture":"#0"},"up":{"uv":[9.125,6.625,8.875,6.375],"tintindex":0,"rotation":0,"texture":"#0"},"down":{"uv":[9.125,6.625,8.875,6.875],"tintindex":0,"rotation":0,"texture":"#0"}}},{"from":[7.5,0.0,4.0],"to":[9.5,2.0,8.0],"faces":{"east":{"uv":[2.0,6.75,1.5,7.0],"tintindex":0,"rotation":0,"texture":"#0"},"south":{"uv":[8.0,6.375,7.75,6.625],"tintindex":0,"rotation":0,"texture":"#0"},"north":{"uv":[5.875,7.125,5.625,7.375],"tintindex":0,"rotation":0,"texture":"#0"},"west":{"uv":[3.625,5.125,3.125,5.375],"tintindex":0,"rotation":0,"texture":"#0"},"up":{"uv":[3.5,9.25,3.75,8.75],"tintindex":0,"rotation":0,"texture":"#0"},"down":{"uv":[7.375,8.75,7.625,9.25],"tintindex":0,"rotation":0,"texture":"#0"}}},{"from":[6.5,-0.5,-7.0],"to":[9.5,3.5,-3.0],"faces":{"east":{"uv":[5.625,8.25,6.125,8.75],"tintindex":0,"rotation":0,"texture":"#0"},"south":{"uv":[8.5,6.375,8.875,6.875],"tintindex":0,"rotation":0,"texture":"#0"},"north":{"uv":[8.5,5.125,8.875,5.625],"tintindex":0,"rotation":0,"texture":"#0"},"west":{"uv":[8.25,5.875,8.75,6.375],"tintindex":0,"rotation":0,"texture":"#0"},"up":{"uv":[9.0,0.5,8.625,0.0],"tintindex":0,"rotation":0,"texture":"#0"},"down":{"uv":[2.25,8.625,1.875,9.125],"tintindex":0,"rotation":0,"texture":"#0"}}},{"from":[7.0,5.5,-11.0],"to":[9.0,7.5,-5.0],"faces":{"east":{"uv":[8.5,2.375,9.25,2.125],"tintindex":0,"rotation":0,"texture":"#0"},"south":{"uv":[8.875,4.875,9.125,4.625],"tintindex":0,"rotation":0,"texture":"#0"},"north":{"uv":[8.875,4.625,9.125,4.375],"tintindex":0,"rotation":0,"texture":"#0"},"west":{"uv":[8.5,3.625,9.25,3.375],"tintindex":0,"rotation":0,"texture":"#0"},"up":{"uv":[4.0,9.125,3.75,8.375],"tintindex":0,"rotation":0,"texture":"#0"},"down":{"uv":[6.875,8.25,6.625,9.0],"tintindex":0,"rotation":0,"texture":"#0"}}},{"from":[7.0,-4.5,-11.0],"to":[9.0,-2.5,-5.0],"faces":{"east":{"uv":[8.5,2.125,9.25,2.375],"tintindex":0,"rotation":0,"texture":"#0"},"south":{"uv":[8.875,4.625,9.125,4.875],"tintindex":0,"rotation":0,"texture":"#0"},"north":{"uv":[8.875,4.375,9.125,4.625],"tintindex":0,"rotation":0,"texture":"#0"},"west":{"uv":[8.5,3.375,9.25,3.625],"tintindex":0,"rotation":0,"texture":"#0"},"up":{"uv":[6.875,9.0,6.625,8.25],"tintindex":0,"rotation":0,"texture":"#0"},"down":{"uv":[4.0,8.375,3.75,9.125],"tintindex":0,"rotation":0,"texture":"#0"}}},{"from":[6.5,2.0,4.0],"to":[9.5,5.0,8.0],"faces":{"east":{"uv":[9.0,1.75,8.5,2.125],"tintindex":0,"rotation":0,"texture":"#0"},"south":{"uv":[9.125,2.5,8.75,2.875],"tintindex":0,"rotation":0,"texture":"#0"},"north":{"uv":[9.125,0.5,8.75,0.875],"tintindex":0,"rotation":0,"texture":"#0"},"west":{"uv":[1.375,8.5,0.875,8.875],"tintindex":0,"rotation":0,"texture":"#0"},"up":{"uv":[8.5,4.625,8.875,4.125],"tintindex":0,"rotation":0,"texture":"#0"},"down":{"uv":[8.5,4.625,8.875,5.125],"tintindex":0,"rotation":0,"texture":"#0"}}},{"from":[7.0,-2.5,-7.0],"to":[9.0,-0.5,-5.0],"faces":{"east":{"uv":[8.875,1.25,9.125,1.5],"tintindex":0,"rotation":0,"texture":"#0"},"south":{"uv":[1.5,8.875,1.75,9.125],"tintindex":0,"rotation":0,"texture":"#0"},"north":{"uv":[8.875,1.0,9.125,1.25],"tintindex":0,"rotation":0,"texture":"#0"},"west":{"uv":[8.875,1.5,9.125,1.75],"tintindex":0,"rotation":0,"texture":"#0"},"up":{"uv":[2.625,9.125,2.375,8.875],"tintindex":0,"rotation":0,"texture":"#0"},"down":{"uv":[9.125,4.125,8.875,4.375],"tintindex":0,"rotation":0,"texture":"#0"}}},{"from":[6.5,1.0,4.0],"to":[7.5,2.0,6.0],"faces":{"east":{"uv":[5.125,6.375,4.875,6.5],"tintindex":0,"rotation":0,"texture":"#0"},"south":{"uv":[6.0,6.5,5.875,6.625],"tintindex":0,"rotation":0,"texture":"#0"},"north":{"uv":[6.25,2.875,6.125,3.0],"tintindex":0,"rotation":0,"texture":"#0"},"west":{"uv":[4.875,6.375,4.625,6.5],"tintindex":0,"rotation":0,"texture":"#0"},"up":{"uv":[7.0,5.75,7.125,5.5],"tintindex":0,"rotation":0,"texture":"#0"},"down":{"uv":[2.5,7.5,2.625,7.75],"tintindex":0,"rotation":0,"texture":"#0"}}},{"from":[6.5,0.099999905,-13.0],"to":[9.5,3.1000004,-10.0],"faces":{"east":{"uv":[3.125,8.75,3.5,9.125],"tintindex":0,"rotation":0,"texture":"#0"},"south":{"uv":[4.0,8.75,4.375,9.125],"tintindex":0,"rotation":0,"texture":"#0"},"north":{"uv":[2.75,8.75,3.125,9.125],"tintindex":0,"rotation":0,"texture":"#0"},"west":{"uv":[5.625,8.75,6.0,9.125],"tintindex":0,"rotation":0,"texture":"#0"},"up":{"uv":[9.125,6.0,8.75,5.625],"tintindex":0,"rotation":0,"texture":"#0"},"down":{"uv":[9.125,6.0,8.75,6.375],"tintindex":0,"rotation":0,"texture":"#0"}},"rotation":{"origin":[8.0,1.0999999,-12.0],"angle":45.0,"axis":"z"}},{"from":[6.0,5.0,3.5],"to":[10.0,8.0,8.5],"faces":{"east":{"uv":[8.875,7.5,8.25,7.875],"tintindex":0,"rotation":0,"texture":"#0"},"south":{"uv":[3.75,8.375,3.25,8.75],"tintindex":0,"rotation":0,"texture":"#0"},"north":{"uv":[3.25,8.375,2.75,8.75],"tintindex":0,"rotation":0,"texture":"#0"},"west":{"uv":[7.75,6.25,7.125,6.625],"tintindex":0,"rotation":0,"texture":"#0"},"up":{"uv":[8.0,4.75,8.5,4.125],"tintindex":0,"rotation":0,"texture":"#0"},"down":{"uv":[8.0,6.375,8.5,7.0],"tintindex":0,"rotation":0,"texture":"#0"}}},{"from":[7.0,0.5,-3.0],"to":[9.0,2.5,22.0],"faces":{"east":{"uv":[6.25,3.625,9.375,3.875],"tintindex":0,"rotation":0,"texture":"#0"},"south":{"uv":[8.5,5.625,8.75,5.875],"tintindex":0,"rotation":0,"texture":"#0"},"north":{"uv":[8.0,2.5,8.25,2.75],"tintindex":0,"rotation":0,"texture":"#0"},"west":{"uv":[6.25,3.875,9.375,4.125],"tintindex":0,"rotation":0,"texture":"#0"},"up":{"uv":[0.25,9.75,0.0,6.625],"tintindex":0,"rotation":0,"texture":"#0"},"down":{"uv":[0.5,6.625,0.25,9.75],"tintindex":0,"rotation":0,"texture":"#0"}},"rotation":{"origin":[8.0,1.5,9.5],"angle":45.0,"axis":"z"}},{"from":[7.0,7.5,-11.0],"to":[9.0,9.5,-9.0],"faces":{"east":{"uv":[5.0,9.125,5.25,8.875],"tintindex":0,"rotation":0,"texture":"#0"},"south":{"uv":[8.875,5.375,9.125,5.125],"tintindex":0,"rotation":0,"texture":"#0"},"north":{"uv":[8.875,5.125,9.125,4.875],"tintindex":0,"rotation":0,"texture":"#0"},"west":{"uv":[8.875,5.625,9.125,5.375],"tintindex":0,"rotation":0,"texture":"#0"},"up":{"uv":[9.125,6.875,8.875,6.625],"tintindex":0,"rotation":0,"texture":"#0"},"down":{"uv":[9.125,6.375,8.875,6.625],"tintindex":0,"rotation":0,"texture":"#0"}}},{"from":[7.0,3.5,-7.0],"to":[9.0,5.5,-5.0],"faces":{"east":{"uv":[8.875,1.5,9.125,1.25],"tintindex":0,"rotation":0,"texture":"#0"},"south":{"uv":[1.5,9.125,1.75,8.875],"tintindex":0,"rotation":0,"texture":"#0"},"north":{"uv":[8.875,1.25,9.125,1.0],"tintindex":0,"rotation":0,"texture":"#0"},"west":{"uv":[8.875,1.75,9.125,1.5],"tintindex":0,"rotation":0,"texture":"#0"},"up":{"uv":[9.125,4.375,8.875,4.125],"tintindex":0,"rotation":0,"texture":"#0"},"down":{"uv":[2.625,8.875,2.375,9.125],"tintindex":0,"rotation":0,"texture":"#0"}}},{"from":[7.0,-6.5,-11.0],"to":[9.0,-4.5,-9.0],"faces":{"east":{"uv":[5.0,8.875,5.25,9.125],"tintindex":0,"rotation":0,"texture":"#0"},"south":{"uv":[8.875,5.125,9.125,5.375],"tintindex":0,"rotation":0,"texture":"#0"},"north":{"uv":[8.875,4.875,9.125,5.125],"tintindex":0,"rotation":0,"texture":"#0"},"west":{"uv":[8.875,5.375,9.125,5.625],"tintindex":0,"rotation":0,"texture":"#0"},"up":{"uv":[9.125,6.625,8.875,6.375],"tintindex":0,"rotation":0,"texture":"#0"},"down":{"uv":[9.125,6.625,8.875,6.875],"tintindex":0,"rotation":0,"texture":"#0"}}},{"from":[7.5,0.0,4.0],"to":[9.5,2.0,8.0],"faces":{"east":{"uv":[2.0,6.75,1.5,7.0],"tintindex":0,"rotation":0,"texture":"#0"},"south":{"uv":[8.0,6.375,7.75,6.625],"tintindex":0,"rotation":0,"texture":"#0"},"north":{"uv":[5.875,7.125,5.625,7.375],"tintindex":0,"rotation":0,"texture":"#0"},"west":{"uv":[3.625,5.125,3.125,5.375],"tintindex":0,"rotation":0,"texture":"#0"},"up":{"uv":[3.5,9.25,3.75,8.75],"tintindex":0,"rotation":0,"texture":"#0"},"down":{"uv":[7.375,8.75,7.625,9.25],"tintindex":0,"rotation":0,"texture":"#0"}}},{"from":[6.5,-0.5,-7.0],"to":[9.5,3.5,-3.0],"faces":{"east":{"uv":[5.625,8.25,6.125,8.75],"tintindex":0,"rotation":0,"texture":"#0"},"south":{"uv":[8.5,6.375,8.875,6.875],"tintindex":0,"rotation":0,"texture":"#0"},"north":{"uv":[8.5,5.125,8.875,5.625],"tintindex":0,"rotation":0,"texture":"#0"},"west":{"uv":[8.25,5.875,8.75,6.375],"tintindex":0,"rotation":0,"texture":"#0"},"up":{"uv":[9.0,0.5,8.625,0.0],"tintindex":0,"rotation":0,"texture":"#0"},"down":{"uv":[2.25,8.625,1.875,9.125],"tintindex":0,"rotation":0,"texture":"#0"}}},{"from":[7.0,5.5,-11.0],"to":[9.0,7.5,-5.0],"faces":{"east":{"uv":[8.5,2.375,9.25,2.125],"tintindex":0,"rotation":0,"texture":"#0"},"south":{"uv":[8.875,4.875,9.125,4.625],"tintindex":0,"rotation":0,"texture":"#0"},"north":{"uv":[8.875,4.625,9.125,4.375],"tintindex":0,"rotation":0,"texture":"#0"},"west":{"uv":[8.5,3.625,9.25,3.375],"tintindex":0,"rotation":0,"texture":"#0"},"up":{"uv":[4.0,9.125,3.75,8.375],"tintindex":0,"rotation":0,"texture":"#0"},"down":{"uv":[6.875,8.25,6.625,9.0],"tintindex":0,"rotation":0,"texture":"#0"}}},{"from":[7.0,-4.5,-11.0],"to":[9.0,-2.5,-5.0],"faces":{"east":{"uv":[8.5,2.125,9.25,2.375],"tintindex":0,"rotation":0,"texture":"#0"},"south":{"uv":[8.875,4.625,9.125,4.875],"tintindex":0,"rotation":0,"texture":"#0"},"north":{"uv":[8.875,4.375,9.125,4.625],"tintindex":0,"rotation":0,"texture":"#0"},"west":{"uv":[8.5,3.375,9.25,3.625],"tintindex":0,"rotation":0,"texture":"#0"},"up":{"uv":[6.875,9.0,6.625,8.25],"tintindex":0,"rotation":0,"texture":"#0"},"down":{"uv":[4.0,8.375,3.75,9.125],"tintindex":0,"rotation":0,"texture":"#0"}}},{"from":[6.5,2.0,4.0],"to":[9.5,5.0,8.0],"faces":{"east":{"uv":[9.0,1.75,8.5,2.125],"tintindex":0,"rotation":0,"texture":"#0"},"south":{"uv":[9.125,2.5,8.75,2.875],"tintindex":0,"rotation":0,"texture":"#0"},"north":{"uv":[9.125,0.5,8.75,0.875],"tintindex":0,"rotation":0,"texture":"#0"},"west":{"uv":[1.375,8.5,0.875,8.875],"tintindex":0,"rotation":0,"texture":"#0"},"up":{"uv":[8.5,4.625,8.875,4.125],"tintindex":0,"rotation":0,"texture":"#0"},"down":{"uv":[8.5,4.625,8.875,5.125],"tintindex":0,"rotation":0,"texture":"#0"}}},{"from":[7.0,-2.5,-7.0],"to":[9.0,-0.5,-5.0],"faces":{"east":{"uv":[8.875,1.25,9.125,1.5],"tintindex":0,"rotation":0,"texture":"#0"},"south":{"uv":[1.5,8.875,1.75,9.125],"tintindex":0,"rotation":0,"texture":"#0"},"north":{"uv":[8.875,1.0,9.125,1.25],"tintindex":0,"rotation":0,"texture":"#0"},"west":{"uv":[8.875,1.5,9.125,1.75],"tintindex":0,"rotation":0,"texture":"#0"},"up":{"uv":[2.625,9.125,2.375,8.875],"tintindex":0,"rotation":0,"texture":"#0"},"down":{"uv":[9.125,4.125,8.875,4.375],"tintindex":0,"rotation":0,"texture":"#0"}}},{"from":[6.5,1.0,4.0],"to":[7.5,2.0,6.0],"faces":{"east":{"uv":[5.125,6.375,4.875,6.5],"tintindex":0,"rotation":0,"texture":"#0"},"south":{"uv":[6.0,6.5,5.875,6.625],"tintindex":0,"rotation":0,"texture":"#0"},"north":{"uv":[6.25,2.875,6.125,3.0],"tintindex":0,"rotation":0,"texture":"#0"},"west":{"uv":[4.875,6.375,4.625,6.5],"tintindex":0,"rotation":0,"texture":"#0"},"up":{"uv":[7.0,5.75,7.125,5.5],"tintindex":0,"rotation":0,"texture":"#0"},"down":{"uv":[2.5,7.5,2.625,7.75],"tintindex":0,"rotation":0,"texture":"#0"}}},{"from":[6.5,0.099999905,-13.0],"to":[9.5,3.1000004,-10.0],"faces":{"east":{"uv":[3.125,8.75,3.5,9.125],"tintindex":0,"rotation":0,"texture":"#0"},"south":{"uv":[4.0,8.75,4.375,9.125],"tintindex":0,"rotation":0,"texture":"#0"},"north":{"uv":[2.75,8.75,3.125,9.125],"tintindex":0,"rotation":0,"texture":"#0"},"west":{"uv":[5.625,8.75,6.0,9.125],"tintindex":0,"rotation":0,"texture":"#0"},"up":{"uv":[9.125,6.0,8.75,5.625],"tintindex":0,"rotation":0,"texture":"#0"},"down":{"uv":[9.125,6.0,8.75,6.375],"tintindex":0,"rotation":0,"texture":"#0"}},"rotation":{"origin":[8.0,1.0999999,-12.0],"angle":45.0,"axis":"z"}},{"from":[6.0,5.0,3.5],"to":[10.0,8.0,8.5],"faces":{"east":{"uv":[8.875,7.5,8.25,7.875],"tintindex":0,"rotation":0,"texture":"#0"},"south":{"uv":[3.75,8.375,3.25,8.75],"tintindex":0,"rotation":0,"texture":"#0"},"north":{"uv":[3.25,8.375,2.75,8.75],"tintindex":0,"rotation":0,"texture":"#0"},"west":{"uv":[7.75,6.25,7.125,6.625],"tintindex":0,"rotation":0,"texture":"#0"},"up":{"uv":[8.0,4.75,8.5,4.125],"tintindex":0,"rotation":0,"texture":"#0"},"down":{"uv":[8.0,6.375,8.5,7.0],"tintindex":0,"rotation":0,"texture":"#0"}}},{"from":[7.0,0.5,-3.0],"to":[9.0,2.5,22.0],"faces":{"east":{"uv":[6.25,3.625,9.375,3.875],"tintindex":0,"rotation":0,"texture":"#0"},"south":{"uv":[8.5,5.625,8.75,5.875],"tintindex":0,"rotation":0,"texture":"#0"},"north":{"uv":[8.0,2.5,8.25,2.75],"tintindex":0,"rotation":0,"texture":"#0"},"west":{"uv":[6.25,3.875,9.375,4.125],"tintindex":0,"rotation":0,"texture":"#0"},"up":{"uv":[0.25,9.75,0.0,6.625],"tintindex":0,"rotation":0,"texture":"#0"},"down":{"uv":[0.5,6.625,0.25,9.75],"tintindex":0,"rotation":0,"texture":"#0"}},"rotation":{"origin":[8.0,1.5,9.5],"angle":45.0,"axis":"z"}},{"from":[7.0,7.5,-11.0],"to":[9.0,9.5,-9.0],"faces":{"east":{"uv":[5.0,9.125,5.25,8.875],"tintindex":0,"rotation":0,"texture":"#0"},"south":{"uv":[8.875,5.375,9.125,5.125],"tintindex":0,"rotation":0,"texture":"#0"},"north":{"uv":[8.875,5.125,9.125,4.875],"tintindex":0,"rotation":0,"texture":"#0"},"west":{"uv":[8.875,5.625,9.125,5.375],"tintindex":0,"rotation":0,"texture":"#0"},"up":{"uv":[9.125,6.875,8.875,6.625],"tintindex":0,"rotation":0,"texture":"#0"},"down":{"uv":[9.125,6.375,8.875,6.625],"tintindex":0,"rotation":0,"texture":"#0"}}},{"from":[7.0,3.5,-7.0],"to":[9.0,5.5,-5.0],"faces":{"east":{"uv":[8.875,1.5,9.125,1.25],"tintindex":0,"rotation":0,"texture":"#0"},"south":{"uv":[1.5,9.125,1.75,8.875],"tintindex":0,"rotation":0,"texture":"#0"},"north":{"uv":[8.875,1.25,9.125,1.0],"tintindex":0,"rotation":0,"texture":"#0"},"west":{"uv":[8.875,1.75,9.125,1.5],"tintindex":0,"rotation":0,"texture":"#0"},"up":{"uv":[9.125,4.375,8.875,4.125],"tintindex":0,"rotation":0,"texture":"#0"},"down":{"uv":[2.625,8.875,2.375,9.125],"tintindex":0,"rotation":0,"texture":"#0"}}}],"display":{"head":{"rotation":[0.0,0.0,0.0,0.0,0.0,0.0]},"firstperson_righthand":{"rotation":[0.0,0.0,0.0,0.0,0.0,0.0]},"thirdperson_lefthand":{"rotation":[0.0,-0.0,-0.0,0.0,-0.0,-0.0]},"firstperson_lefthand":{"rotation":[0.0,-0.0,-0.0,0.0,-0.0,-0.0]},"fixed":{"rotation":[0.0,0.0,0.0,0.0,0.0,0.0]},"ground":{"rotation":[0.0,0.0,0.0,0.0,0.0,0.0]},"thirdperson_righthand":{"rotation":[0.0,0.0,0.0,0.0,0.0,0.0]},"gui":{"rotation":[-150.0,-45.0,180.0,-150.0,-45.0,180.0]}}}